,,,V1 Easting,V1 Northing,V1 Bottom Speed
Time,Time,Shot,Value (Meters),Value (Meters),Value (Units per second)
1693514876.000000,20:47:56.000000,,405545.35146083,621673.79349779,1.59690198
1693514888.500000,20:48:08.500000,1,405544.72689278,621693.90783190,1.61101459
1693514897.500000,20:48:17.500000,2,405544.31116547,621708.48703741,1.61845977
1693514907.000000,20:48:27.000000,3,405543.90280826,621724.09887861,1.63755318
1693514916.500000,20:48:36.500000,3,405543.33512487,621739.82228922,1.65183346
1693514926.000000,20:48:46.000000,4,405543.07497703,621755.63446497,1.65976905
1693514936.500000,20:48:56.500000,5,405543.26931202,621773.28256487,1.67331568
1693514946.000000,20:49:06.000000,6,405543.53316134,621789.28133082,1.68370917
1693514955.500000,20:49:15.500000,7,405543.84136564,621805.22614359,1.68109543
1693514968.000000,20:49:28.000000,9,405544.24746031,621825.74836802,1.64562253
1693514977.000000,20:49:37.000000,10,405544.46143723,621840.20424532,1.61872458
1693514986.500000,20:49:46.500000,10,405544.72294346,621855.44091200,1.61033550
1693514995.500000,20:49:55.500000,11,405544.94850318,621869.68774962,1.58975069
1693515005.500000,20:50:05.500000,12,405545.20032732,621885.42197870,1.57184063
1693515015.500000,20:50:15.500000,13,405545.31872407,621901.26594042,1.58024091
1693515027.500000,20:50:27.500000,15,405545.21404141,621920.40801882,1.59421415
1693515037.000000,20:50:37.000000,16,405545.25863673,621935.57617735,1.60009105
1693515047.000000,20:50:47.000000,17,405545.36250188,621951.59630751,1.60479341
1693515056.500000,20:50:56.500000,17,405545.43259931,621966.88113283,1.61130380
1693515065.500000,20:51:05.500000,18,405545.57181545,621981.35848307,1.60878564
1693515074.500000,20:51:14.500000,19,405545.69563812,621995.86383673,1.61035626
1693515087.500000,20:51:27.500000,21,405545.83630695,622016.78673979,1.60734532
1693515097.500000,20:51:37.500000,22,405545.88135452,622032.89612814,1.60955039
1693515107.500000,20:51:47.500000,23,405545.89060234,622048.98860594,1.61020853
1693515117.500000,20:51:57.500000,24,405546.04732296,622065.08271452,1.61016927
1693515127.500000,20:52:07.500000,25,405546.36878822,622081.13177343,1.60739723
1693515137.000000,20:52:17.000000,26,405546.46014040,622096.26229139,1.59714020
1693515146.500000,20:52:26.500000,26,405546.50438888,622111.47008654,1.60047546
1693515156.500000,20:52:36.500000,27,405546.54287378,622127.51327463,1.60374431
1693515166.500000,20:52:46.500000,28,405546.63323339,622143.52724978,1.60278912
1693515177.000000,20:52:57.000000,30,405546.61546456,622160.32197710,1.60145239
1693515186.500000,20:53:06.500000,30,405546.60257871,622175.52821299,1.59999748
1693515196.500000,20:53:16.500000,31,405546.63799515,622191.52764746,1.59973610
1693515205.500000,20:53:25.500000,32,405546.62239078,622205.90999552,1.59909161
1693515215.000000,20:53:35.000000,33,405546.59434177,622221.09406515,1.60181721
1693515227.500000,20:53:47.500000,35,405546.62899289,622241.14209982,1.60563879
1693515237.000000,20:53:57.000000,36,405546.54139813,622256.36103006,1.60440311
1693515246.000000,20:54:06.000000,36,405546.41053120,622270.78292509,1.59942022
1693515256.000000,20:54:16.000000,37,405546.30283685,622286.86249586,1.60472842
1693515265.500000,20:54:25.500000,38,405546.29256987,622302.07988115,1.60409679
1693515275.000000,20:54:35.000000,39,405546.32586316,622317.26912153,1.60342281
1693515288.000000,20:54:48.000000,41,405546.31144977,622338.01287687,1.60170144
1693515295.000000,20:54:55.000000,41,405546.24209495,622349.13483274,1.59371435
1693515305.000000,20:55:05.000000,42,405546.31568499,622365.11374796,1.59648023
1693515318.500000,20:55:18.500000,44,405546.25493996,622386.63102854,1.59223864
1693515327.500000,20:55:27.500000,45,405546.25889040,622400.98421228,1.59682351
1693515336.500000,20:55:36.500000,45,405546.30244537,622415.29197634,1.59328151
1693515346.500000,20:55:46.500000,46,405546.40374664,622431.20515001,1.59401421
1693515355.500000,20:55:55.500000,47,405546.43165976,622445.44362390,1.58330075
1693515365.000000,20:56:05.000000,48,405546.62147285,622460.52904260,1.58623302
1693515378.000000,20:56:18.000000,50,405546.92754371,622481.09745920,1.58212980
1693515388.000000,20:56:28.000000,51,405547.15063862,622497.01326025,1.59059567
1693515395.000000,20:56:35.000000,51,405547.24747164,622508.08205450,1.58702453
1693515408.000000,20:56:48.000000,53,405547.67173450,622528.59454954,1.57986683
1693515417.500000,20:56:57.500000,54,405547.80856928,622543.55038393,1.57671815
1693515426.500000,20:57:06.500000,54,405548.02780624,622557.75906599,1.57836933
1693515435.500000,20:57:15.500000,55,405548.33618285,622572.03461397,1.58795401
1693515447.500000,20:57:27.500000,57,405548.50343515,622591.14963091,1.59390248
1693515457.000000,20:57:37.000000,58,405548.53141403,622606.26692999,1.59275143
1693515466.500000,20:57:46.500000,58,405548.60491947,622621.33239687,1.58992201
1693515478.500000,20:57:58.500000,60,405548.64456224,622640.38003811,1.59368308
1693515487.500000,20:58:07.500000,61,405548.76705017,622654.66501793,1.59153765
1693515497.000000,20:58:17.000000,62,405548.83655033,622669.78982911,1.59450566
1693515506.500000,20:58:26.500000,62,405548.83819579,622684.89580998,1.58799888
1693515516.500000,20:58:36.500000,63,405548.87473647,622700.87390789,1.59629461
1693515526.500000,20:58:46.500000,64,405548.85591458,622716.80732903,1.59336949
1693515536.500000,20:58:56.500000,65,405548.77586209,622732.58173165,1.58070512
1693515545.500000,20:59:05.500000,66,405548.84026598,622746.87422833,1.58631806
1693515555.000000,20:59:15.000000,67,405548.83797351,622761.98795113,1.59355959
1693515568.000000,20:59:28.000000,69,405548.76478998,622782.61900505,1.59418601
1693515575.000000,20:59:35.000000,69,405548.80522613,622793.77236924,1.59461432
1693515587.500000,20:59:47.500000,71,405548.78729882,622813.81192955,1.60227321
1693515597.000000,20:59:57.000000,72,405548.72227882,622829.08649430,1.60607655
1693515607.000000,21:00:07.000000,73,405548.63739147,622845.17262635,1.60670647
1693515617.000000,21:00:17.000000,74,405548.45698288,622861.15423569,1.59656589
1693515626.500000,21:00:26.500000,74,405548.40847696,622876.45922741,1.61018539
1693515636.000000,21:00:36.000000,75,405548.25696245,622891.59604153,1.59963736
1693515645.000000,21:00:45.000000,76,405548.14464090,622905.91898045,1.59194167
1693515657.500000,21:00:57.500000,78,405548.03126674,622925.82867703,1.59387408
1693515666.500000,21:01:06.500000,78,405547.92837978,622940.08532509,1.58439910
1693515676.000000,21:01:16.000000,79,405547.79857391,622955.15563562,1.58553020
1693515686.500000,21:01:26.500000,80,405547.83425237,622971.81398752,1.58830421
1693515696.500000,21:01:36.500000,81,405547.78946619,622987.66177156,1.58890387
1693515705.778924,21:01:45.778924,82,405547.77627702,623002.36907556,1.58507019
1693515716.000000,21:01:56.000000,83,405547.68643254,623018.72426584,1.59670941
1693515725.500000,21:02:05.500000,84,405547.56355660,623033.83286455,1.59378040
1693515738.000000,21:02:18.000000,86,405547.44933728,623053.63566186,1.58788526
1693515747.500000,21:02:27.500000,87,405547.35620465,623068.63327672,1.58071739
1693515757.500000,21:02:37.500000,88,405547.01678738,623084.45904138,1.58274016
1693515767.500000,21:02:47.500000,89,405546.63485232,623100.31673219,1.58566730
1693515777.000000,21:02:57.000000,90,405546.36708057,623115.37415388,1.58774487
1693515786.500000,21:03:06.500000,90,405546.07904654,623130.40451601,1.58535173
1693515796.500000,21:03:16.500000,91,405545.79014244,623146.25204637,1.58392915
1693515806.500000,21:03:26.500000,92,405545.43991676,623162.11450269,1.58480291
1693515815.500000,21:03:35.500000,93,405545.27546514,623176.38525846,1.58961803
1693515825.500000,21:03:45.500000,94,405545.13639785,623192.24059656,1.58826656
1693515837.500000,21:03:57.500000,96,405544.86819826,623211.36981752,1.59341608
1693515846.500000,21:04:06.500000,96,405544.66463829,623225.78112962,1.59874616
1693515855.500000,21:04:15.500000,97,405544.54624307,623240.07162836,1.58680755
1693515867.500000,21:04:27.500000,99,405544.41015705,623259.17380693,1.59231341
1693515877.000000,21:04:37.000000,100,405544.33723422,623274.17500681,1.58367322
1693515887.000000,21:04:47.000000,101,405544.26148162,623290.02131361,1.59218978
1693515897.000000,21:04:57.000000,102,405544.30726244,623305.81617445,1.58471694
1693515906.500000,21:05:06.500000,102,405544.42393211,623320.93904489,1.58846733
1693515916.000000,21:05:16.000000,103,405544.62543538,623336.01548666,1.58814193
1693515925.500000,21:05:25.500000,104,405544.71531521,623350.99662203,1.58107509
1693515937.500000,21:05:37.500000,106,405544.65642243,623369.84587663,1.57247203
1693515947.500000,21:05:47.500000,107,405544.69042140,623385.58912271,1.57640467
1693515957.500000,21:05:57.500000,108,405544.73403269,623401.31936639,1.57528193
1693515966.500000,21:06:06.500000,108,405544.82343632,623415.52145666,1.57752913
1693515976.000000,21:06:16.000000,109,405544.80761649,623430.42257017,1.57223642
1693515986.000000,21:06:26.000000,110,405544.71096852,623446.14750570,1.57408796
1693515995.500000,21:06:35.500000,111,405544.50991945,623461.10885423,1.57566063
1693516004.500000,21:06:44.500000,112,405544.44454929,623475.32423490,1.58032671
1693516017.000000,21:06:57.000000,114,405544.49996342,623495.15612501,1.58559465
1693516026.500000,21:07:06.500000,114,405544.51191500,623510.24355501,1.58379123
1693516036.500000,21:07:16.500000,115,405544.55368253,623526.24111456,1.59703373
1693516046.500000,21:07:26.500000,116,405544.54599382,623542.15670866,1.59375830
1693516056.500000,21:07:36.500000,117,405544.62180447,623558.23319906,1.60574215
1693516066.500000,21:07:46.500000,118,405544.55613797,623574.33198255,1.61116905
1693516076.000000,21:07:56.000000,119,405544.48944250,623589.63233725,1.61136260
1693516088.500000,21:08:08.500000,121,405544.36495198,623609.80211226,1.61128431
1693516098.500000,21:08:18.500000,122,405544.34918001,623625.92816702,1.61400858
1693516107.500000,21:08:27.500000,122,405544.28136541,623640.42114798,1.61256846
1693516116.500000,21:08:36.500000,123,405544.27431567,623654.95862738,1.61288677
1693516126.500000,21:08:46.500000,124,405544.23360343,623671.06722609,1.61059022
1693516136.000000,21:08:56.000000,125,405544.27624011,623686.34087340,1.60917115
1693516148.500000,21:09:08.500000,127,405544.46339853,623706.38604323,1.60666051
1693516158.500000,21:09:18.500000,128,405544.74649276,623722.42814413,1.60438719
1693516167.500000,21:09:27.500000,128,405544.97428003,623736.89936701,1.60615140
1693516176.500000,21:09:36.500000,129,405545.09850733,623751.42922369,1.61185391
1693516186.500000,21:09:46.500000,130,405545.10353911,623767.60062185,1.61574993
1693516196.500000,21:09:56.500000,131,405545.07850382,623783.76848570,1.61566994
1693516206.500000,21:10:06.500000,132,405545.00335987,623799.87143866,1.61023212
1693516216.500000,21:10:16.500000,133,405544.98166990,623815.98069922,1.60900475
1693516230.000000,21:10:30.000000,135,405544.91958961,623837.65500227,1.60591018
1693516240.000000,21:10:40.000000,136,405544.92817882,623853.67914549,1.60394187
1693516249.500000,21:10:49.500000,137,405544.89872190,623868.87375799,1.60162302
1693516259.500000,21:10:59.500000,138,405544.82384591,623884.86957327,1.59965760
1693516268.500000,21:11:08.500000,138,405544.84057569,623899.27733961,1.60255504
1693516278.500000,21:11:18.500000,139,405544.79440607,623915.33183835,1.60315972
1693516288.000000,21:11:28.000000,140,405544.79337824,623930.70116589,1.61538279
1693516298.000000,21:11:38.000000,141,405544.76995894,623946.80899976,1.61079751
1693516308.000000,21:11:48.000000,142,405544.87934464,623963.05044530,1.62484490
1693516318.000000,21:11:58.000000,143,405544.81628288,623979.14233754,1.61225059
1693516328.000000,21:12:08.000000,144,405544.75239714,623995.27796910,1.61118829
1693516338.000000,21:12:18.000000,145,405544.78686733,624011.48841260,1.61818449
1693516350.500000,21:12:30.500000,147,405544.82653538,624031.74183629,1.61874586
1693516360.500000,21:12:40.500000,148,405544.84928522,624047.98510716,1.62277805
1693516370.000000,21:12:50.000000,149,405544.86020996,624063.43947957,1.62760129
1693516379.500000,21:12:59.500000,149,405544.66543447,624078.84907410,1.62485895
1693516389.500000,21:13:09.500000,150,405544.73178676,624095.15243600,1.62947865
1693516399.500000,21:13:19.500000,151,405544.66820132,624111.38716195,1.62542263
1693516408.500000,21:13:28.500000,152,405544.64153811,624126.08301137,1.63123723
1693516421.000000,21:13:41.000000,154,405544.63116540,624146.41486905,1.62244217
1693516430.500000,21:13:50.500000,154,405544.71644961,624161.90163873,1.62827903
1693516439.500000,21:13:59.500000,155,405544.75602004,624176.52937291,1.62606864
1693516449.500000,21:14:09.500000,156,405544.72253296,624192.81489346,1.62922677
1693516459.500000,21:14:19.500000,157,405544.80035116,624209.08512090,1.62661898
1693516469.500000,21:14:29.500000,158,405544.87506578,624225.36410497,1.62631828
1693516479.500000,21:14:39.500000,159,405545.16800366,624241.84646810,1.64289863
1693516491.500000,21:14:51.500000,161,405545.43495198,624261.62639631,1.64975798
1693516501.000000,21:15:01.000000,162,405545.59431234,624277.57248033,1.67046000
1693516511.000000,21:15:11.000000,163,405545.76667076,624294.99604333,1.72648402
1693516520.000000,21:15:20.000000,163,405545.97529136,624311.31690133,1.79069843
1693516530.000000,21:15:30.000000,164,405546.28326885,624329.94684900,1.84392726
1693516540.000000,21:15:40.000000,165,405546.47357526,624348.82631601,1.86827777
1693516549.500000,21:15:49.500000,166,405546.67846896,624366.95774186,1.88076994
1693516559.000000,21:15:59.000000,167,405546.89492196,624385.29781450,1.91632989
1693516571.500000,21:16:11.500000,169,405547.52954030,624409.23268235,1.92026318
1693516580.500000,21:16:20.500000,169,405548.09340501,624426.19991983,1.89921320
1693516590.500000,21:16:30.500000,170,405548.20359125,624445.11883081,1.89735299
1693516600.500000,21:16:40.500000,171,405548.40955203,624464.05430139,1.89742768
1693516610.000000,21:16:50.000000,172,405548.68834748,624481.88194383,1.87983098
1693516619.500000,21:16:59.500000,173,405548.57884999,624499.62238801,1.86874051
1693516629.500000,21:17:09.500000,174,405547.85091587,624518.29832185,1.87358241
1693516639.500000,21:17:19.500000,175,405546.88820627,624537.13015474,1.88635003
1693516651.500000,21:17:31.500000,177,405545.62695112,624560.06072915,1.91510140
1693516661.000000,21:17:41.000000,178,405544.61487892,624578.57076944,1.94045099
1693516670.500000,21:17:50.500000,178,405543.87306084,624597.31030191,1.96016644
1693516680.000000,21:18:00.000000,179,405543.13959401,624616.10600177,1.96737303
1693516690.000000,21:18:10.000000,180,405542.58168082,624636.11925594,1.99439114
1693516699.500000,21:18:19.500000,181,405542.41606284,624655.09342281,1.99661463
1693516711.500000,21:18:31.500000,183,405542.45305829,624679.20904438,2.00943417
1693516721.500000,21:18:41.500000,184,405542.94887976,624699.28982250,2.01313227
1693516731.000000,21:18:51.000000,185,405543.54764955,624718.36127178,2.00791125
1693516740.000000,21:19:00.000000,185,405544.35373966,624736.48973552,2.00812727
1693516749.000000,21:19:09.000000,186,405545.18250518,624754.53156940,2.01015552
1693516761.500000,21:19:21.500000,188,405546.60560732,624779.26569454,1.99104491
1693516771.000000,21:19:31.000000,189,405548.05625253,624798.07636921,1.99060595
1693516780.500000,21:19:40.500000,189,405549.40827267,624817.18736736,2.00916198
1693516790.500000,21:19:50.500000,190,405550.81214289,624837.59372226,2.03233501
1693516800.500000,21:20:00.500000,191,405552.42063622,624858.07715503,2.03893643
1693516810.500000,21:20:10.500000,192,405554.20783930,624878.73414127,2.06643593
1693516820.500000,21:20:20.500000,193,405555.98500793,624899.34134380,2.06862962
1693516830.000000,21:20:30.000000,194,405557.92121904,624918.92353908,2.06935366
1693516839.500000,21:20:39.500000,195,405559.83770959,624938.46271793,2.06702924
1693516851.500000,21:20:51.500000,197,405562.24828975,624963.14585773,2.06534709
1693516861.000000,21:21:01.000000,198,405564.32795255,624982.62414066,2.05896412
1693516871.000000,21:21:11.000000,199,405566.47832434,625003.08865825,2.05885271
1693516880.500000,21:21:20.500000,199,405568.73201865,625022.58633308,2.06937963
1693516889.500000,21:21:29.500000,200,405570.90070313,625040.94693832,2.05829448
1693516902.000000,21:21:42.000000,202,405574.31444997,625066.46350173,2.06301641
1693516911.500000,21:21:51.500000,203,405577.02281159,625085.80563621,2.06175112
1693516921.000000,21:22:01.000000,204,405579.93795246,625105.12461547,2.05654368
1693516930.500000,21:22:10.500000,204,405582.97947997,625124.43691711,2.05521558
1693516940.500000,21:22:20.500000,205,405586.10344690,625144.78929404,2.05965904
1693516952.500000,21:22:32.500000,207,405589.95486444,625169.12839965,2.04986974
1693516962.000000,21:22:42.000000,208,405593.03941936,625188.37202910,2.04891464
1693516971.000000,21:22:51.000000,208,405596.05364722,625206.64248351,2.05873411
1693516981.000000,21:23:01.000000,209,405599.69777507,625226.80364112,2.05410517
1693516990.500000,21:23:10.500000,210,405603.38239688,625245.86914519,2.04636226
1693517000.500000,21:23:20.500000,211,405607.30879492,625266.24368362,2.06920473
1693517012.500000,21:23:32.500000,213,405612.02584833,625290.99231795,2.09307227
1693517022.000000,21:23:42.000000,214,405615.78047508,625310.59270171,2.09850840
1693517031.500000,21:23:51.500000,214,405619.78185362,625330.32046966,2.11460107
1693517041.000000,21:24:01.000000,215,405623.46616572,625350.01792029,2.10146378
1693517051.000000,21:24:11.000000,216,405627.40401691,625370.93373374,2.12151639
1693517061.000000,21:24:21.000000,217,405631.46852821,625391.82209281,2.12823378
1693517071.000000,21:24:31.000000,218,405635.28613395,625412.75846747,2.13099193
1693517081.000000,21:24:41.000000,219,405639.34999800,625433.58514588,2.12183670
1693517091.000000,21:24:51.000000,220,405643.58980322,625454.37452309,2.12139853
1693517100.500000,21:25:00.500000,221,405647.66236162,625474.12022965,2.12168340
1693517109.500000,21:25:09.500000,222,405651.63612008,625492.81057923,2.12451415
1693517122.500000,21:25:22.500000,224,405657.71626305,625519.74559014,2.12168246
1693517131.500000,21:25:31.500000,224,405661.84780526,625538.47158044,2.12619698
1693517141.000000,21:25:41.000000,225,405666.43642545,625558.28078645,2.13944967
1693517151.000000,21:25:51.000000,226,405671.20109391,625578.99956696,2.13014379
1693517163.500000,21:26:03.500000,228,405677.41155696,625604.86431687,2.12796006
1693517169.500000,21:26:09.500000,228,405680.44554305,625617.21916955,2.12293163
1693517182.500000,21:26:22.500000,230,405687.00877738,625644.08588403,2.12434138
1693517192.500000,21:26:32.500000,231,405692.14228987,625664.80938142,2.13278647
1693517202.000000,21:26:42.000000,232,405697.10128617,625684.50370400,2.14007254
1693517211.500000,21:26:51.500000,232,405701.97942281,625704.14233392,2.13613764
1693517221.000000,21:27:01.000000,233,405707.01837086,625723.80741685,2.13691606
1693517231.000000,21:27:11.000000,234,405712.15876460,625744.47549622,2.13068790
1693517241.000000,21:27:21.000000,235,405717.30332541,625765.18415635,2.13020553
1693517250.500000,21:27:30.500000,236,405722.33261609,625784.94598191,2.14690079
1693517260.000000,21:27:40.000000,237,405727.39982724,625804.60568231,2.14188035
1693517272.500000,21:27:52.500000,239,405734.24372554,625830.44494622,2.14146313
1693517282.500000,21:28:02.500000,240,405739.93662822,625851.09735798,2.14471913
1693517289.000000,21:28:09.000000,240,405743.54718030,625864.50553344,2.14066940
1693517302.500000,21:28:22.500000,242,405751.25736821,625892.38626312,2.13922656
1693517311.500000,21:28:31.500000,242,405756.35090125,625910.98911499,2.13996225
1693517321.000000,21:28:41.000000,243,405761.84772408,625930.62691520,2.14257775
1693517331.000000,21:28:51.000000,244,405767.82869399,625951.14440559,2.13889782
1693517341.000000,21:29:01.000000,245,405773.74976599,625971.70773910,2.14196449
1693517351.000000,21:29:11.000000,246,405779.98476374,625992.20617508,2.14153176
1693517360.000000,21:29:20.000000,247,405785.68698561,626010.63835167,2.14319555
1693517370.000000,21:29:30.000000,248,405792.09735978,626031.03211235,2.13896765
1693517383.500000,21:29:43.500000,250,405800.74352372,626058.69264625,2.14953188
1693517392.500000,21:29:52.500000,251,405806.49546111,626077.10705208,2.14657416
1693517402.000000,21:30:02.000000,252,405812.87118256,626096.55120872,2.15454293
1693517412.000000,21:30:12.000000,253,405819.40450680,626116.98858474,2.14743473
1693517422.000000,21:30:22.000000,254,405826.06972516,626137.35101150,2.14052681
1693517431.000000,21:30:31.000000,254,405832.12709630,626155.63871597,2.13944430
1693517440.500000,21:30:40.500000,255,405838.64197457,626174.99268745,2.15022810
1693517453.000000,21:30:53.000000,257,405847.43416989,626200.35810875,2.15106670
1693517462.500000,21:31:02.500000,258,405854.09241307,626219.68815063,2.14996296
1693517472.500000,21:31:12.500000,259,405861.16105712,626239.94145416,2.14311736
1693517482.500000,21:31:22.500000,260,405868.53524875,626260.07547941,2.14497380
1693517492.000000,21:31:32.000000,261,405875.41960192,626279.19347945,2.14053879
1693517502.000000,21:31:42.000000,262,405882.75495720,626299.33539953,2.14325174
1693517511.000000,21:31:51.000000,262,405889.59045982,626317.49244108,2.15605829
1693517520.500000,21:32:00.500000,263,405896.82369947,626336.58651343,2.15181229
1693517533.500000,21:32:13.500000,265,405906.70486879,626362.62002363,2.14141568
1693517543.000000,21:32:23.000000,266,405914.13926649,626381.54882612,2.13954212
1693517552.000000,21:32:32.000000,266,405921.15149593,626399.52304831,2.14168257
1693517562.000000,21:32:42.000000,267,405928.80856466,626419.49284735,2.13805388
1693517574.500000,21:32:54.500000,269,405938.75325537,626444.31507483,2.13879449
1693517583.500000,21:33:03.500000,270,405945.76966047,626462.12593642,2.13489354
1693517592.500000,21:33:12.500000,270,405952.97811556,626479.96785536,2.14467972
1693517602.500000,21:33:22.500000,271,405960.97681522,626499.66439429,2.12840080
1693517612.500000,21:33:32.500000,272,405969.12969875,626519.42414465,2.13778355
1693517621.500000,21:33:41.500000,273,405976.32990312,626537.07551565,2.12423588
1693517633.500000,21:33:53.500000,275,405986.41038465,626560.55262366,2.12333588
1693517643.500000,21:34:03.500000,275,405994.72970629,626580.23825255,2.13492112
1693517653.500000,21:34:13.500000,276,406003.20783186,626599.84062758,2.13499850
1693517663.500000,21:34:23.500000,277,406011.85427046,626619.42596045,2.14096943
1693517673.500000,21:34:33.500000,278,406020.49919081,626639.03661719,2.14198308
1693517683.500000,21:34:43.500000,279,406029.34469885,626658.63702066,2.15058567
1693517693.500000,21:34:53.500000,280,406038.09503932,626678.29329736,2.14931658
1693517702.500000,21:35:02.500000,281,406046.09834666,626695.91895731,2.15036472
1693517715.000000,21:35:15.000000,283,406057.11057753,626720.46622713,2.15340621
1693517724.500000,21:35:24.500000,284,406065.73862738,626739.12874277,2.16604836
1693517733.500000,21:35:33.500000,284,406073.91063303,626756.74211557,2.16159880
1693517743.000000,21:35:43.000000,285,406082.53885359,626775.32497842,2.15358171
1693517752.500000,21:35:52.500000,286,406091.28522772,626793.94667299,2.15913387
1693517764.500000,21:36:04.500000,288,406102.47085089,626817.34698923,2.15972692
1693517774.000000,21:36:14.000000,289,406111.51184744,626835.87159212,2.16959905
1693517784.000000,21:36:24.000000,289,406120.91667552,626855.34770639,2.16545796
1693517794.000000,21:36:34.000000,290,406130.36228365,626874.78757723,2.16095970
1693517803.500000,21:36:43.500000,291,406139.38207335,626893.16486223,2.15496040
1693517815.500000,21:36:55.500000,293,406151.01839633,626916.22672708,2.15035286
1693517825.000000,21:37:05.000000,294,406160.40396971,626934.49538667,2.15840652
1693517834.500000,21:37:14.500000,294,406169.96216769,626952.63710077,2.15972742
1693517843.500000,21:37:23.500000,295,406179.09807009,626969.78740747,2.16337117
1693517855.500000,21:37:35.500000,297,406191.29192252,626992.63392122,2.15843629
1693517864.500000,21:37:44.500000,297,406200.59274191,627009.74666078,2.16152354
1693517873.500000,21:37:53.500000,298,406209.82594294,627026.82682283,2.15550021
1693517885.500000,21:38:05.500000,300,406222.36395983,627049.52755226,2.15784835
1693517895.000000,21:38:15.000000,301,406232.22888903,627067.47419227,2.15574893
1693517904.500000,21:38:24.500000,301,406242.19435267,627085.46446670,2.16290018
1693517913.500000,21:38:33.500000,302,406251.64474158,627102.44957031,2.15965910
1693517923.000000,21:38:43.000000,303,406261.77863459,627120.33323539,2.16283974
1693517936.500000,21:38:56.500000,305,406276.25928072,627145.70315231,2.16570837
1693517945.500000,21:39:05.500000,306,406285.99708895,627162.61543334,2.16648352
1693517954.500000,21:39:14.500000,306,406295.81651072,627179.44172920,2.16335055
1693517964.500000,21:39:24.500000,307,406306.83585314,627198.19620956,2.18165385
1693517974.500000,21:39:34.500000,308,406317.98738627,627216.75588287,2.16790281
1693517984.500000,21:39:44.500000,309,406329.28107791,627235.36756957,2.17412880
1693517993.500000,21:39:53.500000,310,406339.59042410,627252.10878433,2.18170704
1693518003.500000,21:40:03.500000,311,406350.89517073,627270.68871749,2.17634900
1693518013.000000,21:40:13.000000,312,406361.78519492,627288.41064895,2.18470527
1693518023.500000,21:40:23.500000,313,406374.02954630,627307.83947051,2.18867755
1693518036.000000,21:40:36.000000,315,406388.57828097,627330.95263923,2.18435008
1693518045.500000,21:40:45.500000,316,406399.55555586,627348.52473701,2.17809102
1693518055.500000,21:40:55.500000,317,406411.31943278,627367.00293792,2.18783318
1693518065.500000,21:41:05.500000,318,406423.09654479,627385.47595085,2.19025834
1693518074.500000,21:41:14.500000,318,406433.81792788,627402.08676589,2.19647814
1693518084.500000,21:41:24.500000,319,406445.68766115,627420.62699959,2.20644962
1693518094.500000,21:41:34.500000,320,406457.79988191,627439.03163025,2.20565758
1693518104.500000,21:41:44.500000,321,406469.84039781,627457.42916939,2.20297667
1693518113.500000,21:41:53.500000,322,406480.77288816,627473.89488671,2.19763756
1693518123.500000,21:42:03.500000,323,406492.93812177,627492.24822686,2.19812917
1693518133.000000,21:42:13.000000,324,406504.74539754,627509.56029580,2.20072051
1693518143.500000,21:42:23.500000,325,406517.84872911,627528.59520028,2.19976502
1693518156.000000,21:42:36.000000,327,406533.34845350,627551.15060685,2.18844269
1693518165.500000,21:42:45.500000,328,406545.28542898,627568.28199074,2.19272698
1693518175.000000,21:42:55.000000,329,406557.32326314,627585.32500145,2.19473300
1693518184.500000,21:43:04.500000,329,406569.35799310,627602.33367417,2.19059230
1693518194.500000,21:43:14.500000,330,406582.08206460,627620.19514153,2.19359357
1693518204.000000,21:43:24.000000,331,406594.40060899,627637.04522583,2.19549767
1693518216.000000,21:43:36.000000,333,406609.91862485,627658.38444207,2.19798186
1693518225.500000,21:43:45.500000,334,406622.32223413,627675.16857788,2.19517829
1693518234.500000,21:43:54.500000,334,406634.14716623,627691.08372376,2.20464050
1693518243.500000,21:44:03.500000,335,406646.01623437,627706.95919678,2.20718694
1693518253.500000,21:44:13.500000,336,406659.36007402,627724.59144471,2.21366326
1693518265.500000,21:44:25.500000,337,406675.49821756,627745.63240883,2.20816672
1693518274.500000,21:44:34.500000,338,406687.71546457,627761.40643666,2.21205861
1693518284.000000,21:44:44.000000,339,406700.78845946,627778.08913574,2.22601646
1693518293.500000,21:44:53.500000,340,406713.88702456,627794.77073631,2.23482395
1693518306.500000,21:45:06.500000,342,406732.04134432,627817.39891967,2.23086278
1693518315.500000,21:45:15.500000,343,406744.82061640,627832.90141830,2.23206277
1693518325.500000,21:45:25.500000,344,406758.96173731,627850.08767471,2.23226688
1693518335.000000,21:45:35.000000,345,406772.25171915,627866.40596160,2.21698738
1693518344.500000,21:45:44.500000,345,406785.58765093,627882.70168838,2.21635807
1693518354.000000,21:45:54.000000,346,406798.95068804,627898.94804916,2.21290587
1693518366.500000,21:46:06.500000,348,406816.79521052,627920.32048950,2.22697924
1693518375.500000,21:46:15.500000,349,406829.64010779,627935.62330112,2.22265793
1693518385.500000,21:46:25.500000,350,406843.88281027,627952.71309719,2.22448331
1693518395.000000,21:46:35.000000,351,406857.42518583,627968.92370662,2.22430524
1693518404.000000,21:46:44.000000,351,406870.39005343,627984.16304645,2.22910936
1693518414.000000,21:46:54.000000,352,406884.71918741,628001.10806522,2.21580242
1693518423.000000,21:47:03.000000,353,406897.68461195,628016.37657699,2.22285355
1693518435.500000,21:47:15.500000,355,406915.75817457,628037.47566948,2.22258072
1693518445.500000,21:47:25.500000,356,406930.27335230,628054.34032974,2.22569216
1693518455.000000,21:47:35.000000,357,406944.12862936,628070.32632789,2.22876700
1693518464.500000,21:47:44.500000,357,406958.09015814,628086.21143684,2.22422119
1693518474.000000,21:47:54.000000,358,406972.13237730,628102.02499828,2.22863287
1693518483.500000,21:48:03.500000,359,406986.12742123,628117.73464670,2.22029497
1693518493.500000,21:48:13.500000,360,407000.92198166,628134.19281092,2.21596360
1693518504.000000,21:48:24.000000,361,407016.51626095,628151.45620623,2.21969196
1693518513.000000,21:48:33.000000,362,407029.78998551,628166.23527327,2.20847172
1693518525.500000,21:48:45.500000,364,407048.57393250,628186.64005079,2.21813845
1693518535.500000,21:48:55.500000,365,407063.80683693,628202.85382261,2.22498301
1693518545.500000,21:49:05.500000,366,407079.13897404,628218.96115484,2.22565034
1693518554.500000,21:49:14.500000,366,407093.00621494,628233.43156614,2.22442281
1693518564.000000,21:49:24.000000,367,407107.84932121,628248.53337279,2.22465572
1693518573.000000,21:49:33.000000,368,407122.03200039,628262.82313624,2.23558140
1693518586.000000,21:49:46.000000,370,407142.36191830,628283.41934099,2.22651014
1693518595.500000,21:49:55.500000,371,407157.18749317,628298.38764467,2.21757803
1693518605.500000,21:50:05.500000,372,407172.91871151,628314.05976954,2.21989749
1693518614.500000,21:50:14.500000,372,407186.93222126,628328.15788927,2.21124342
1693518624.500000,21:50:24.500000,373,407202.70839867,628343.76901045,2.22052590
1693518634.500000,21:50:34.500000,374,407218.55010780,628359.23034182,2.21500934
1693518644.500000,21:50:44.500000,375,407234.44762119,628374.70373526,2.21570795
1693518654.500000,21:50:54.500000,376,407250.60975727,628389.98137942,2.22170829
1693518663.500000,21:51:03.500000,377,407265.09944138,628403.74200335,2.22126995
1693518673.500000,21:51:13.500000,378,407281.32087883,628418.90436163,2.22087055
1693518686.000000,21:51:26.000000,380,407301.56630137,628437.66195821,2.21118156
1693518695.500000,21:51:35.500000,381,407317.03643705,628451.68621682,2.20233754
1693518705.000000,21:51:45.000000,382,407332.45795729,628465.77782392,2.19961175
1693518714.500000,21:51:54.500000,382,407347.94298842,628479.67010450,2.18854389
1693518724.500000,21:52:04.500000,383,407364.44285109,628494.04361200,2.18715557
1693518733.500000,21:52:13.500000,384,407379.33496668,628506.95418119,2.19272551
1693518746.000000,21:52:26.000000,386,407399.83699991,628525.06840276,2.19284311
1693518755.500000,21:52:35.500000,387,407415.54092981,628538.71502923,2.19219136
1693518765.000000,21:52:45.000000,388,407431.33985521,628552.35028314,2.19792775
1693518774.500000,21:52:54.500000,388,407447.09745314,628566.03410577,2.19760912
1693518783.500000,21:53:03.500000,389,407462.05439665,628578.97787046,2.19783581
1693518793.473045,21:53:13.473045,390,407478.70181181,628593.22508763,2.19950372
1693518803.500000,21:53:23.500000,391,407495.49516585,628607.40299081,2.19645537
1693518815.500000,21:53:35.500000,393,407515.66121199,628624.32931184,2.19530321
1693518825.500000,21:53:45.500000,394,407532.45978644,628638.47384118,2.19562432
1693518834.500000,21:53:54.500000,394,407547.63628199,628651.16132974,2.19677850
1693518844.500000,21:54:04.500000,395,407564.44935038,628665.28827428,2.19350334
1693518853.500000,21:54:13.500000,396,407579.91713144,628677.81942796,2.20845845
1693518863.500000,21:54:23.500000,397,407596.97484209,628691.78040742,2.20554048
1693518875.500000,21:54:35.500000,399,407617.59179880,628708.43090676,2.20712914
1693518885.500000,21:54:45.500000,400,407634.91235776,628722.15871629,2.20951006
1693518894.500000,21:54:54.500000,400,407650.57795377,628734.57224187,2.21722921
1693518904.500000,21:55:04.500000,401,407668.07650227,628748.20285901,2.21908394
1693518913.500000,21:55:13.500000,402,407683.85231728,628760.40783605,2.21921278
1693518923.000000,21:55:23.000000,403,407700.52090401,628773.24214658,2.21451495
1693518935.500000,21:55:35.500000,405,407722.45411820,628790.01060018,2.20818123
1693518945.000000,21:55:45.000000,406,407739.32425828,628802.56290063,2.20968495
1693518954.500000,21:55:54.500000,406,407756.17670007,628815.08134660,2.21265085
1693518963.500000,21:56:03.500000,407,407772.02143807,628827.03602990,2.20384048
1693518973.265529,21:56:13.265529,408,407789.36862130,628839.85718545,2.21072031
1693518983.500000,21:56:23.500000,409,407807.49621911,628853.28421983,2.20606118
1693518996.000000,21:56:36.000000,411,407829.84635491,628869.55163964,2.21418632
1693519005.000000,21:56:45.000000,412,407845.86712212,628881.26118859,2.20523223
1693519014.500000,21:56:54.500000,412,407862.75230546,628893.61730012,2.20507542
1693519024.000000,21:57:04.000000,413,407879.82453484,628905.83368406,2.21474900
1693519034.000000,21:57:14.000000,414,407897.64929528,628918.66876897,2.20118459
1693519044.000000,21:57:24.000000,415,407915.81970925,628931.24500474,2.20533491
1693519053.500000,21:57:33.500000,416,407932.98685212,628943.32500848,2.20569681
1693519065.500000,21:57:45.500000,418,407954.77758927,628958.30855092,2.20351928
1693519075.000000,21:57:55.000000,419,407972.02466340,628970.08479699,2.19546315
1693519084.000000,21:58:04.000000,419,407988.49990104,628981.21365244,2.20411157
1693519094.000000,21:58:14.000000,420,408006.90092490,628993.48768027,2.21234770
1693519104.000000,21:58:24.000000,421,408025.26104186,629005.60368044,2.20525093
1693519114.000000,21:58:34.000000,422,408043.69747184,629017.62327368,2.19931363
1693519123.500000,21:58:43.500000,423,408061.59075950,629028.78214057,2.21773667
1693519136.000000,21:58:56.000000,425,408084.95005820,629043.57514269,2.21623673
1693519145.000000,21:59:05.000000,426,408101.90006660,629054.05656607,2.21326607
1693519155.000000,21:59:15.000000,427,408120.90253852,629065.57277567,2.22317269
1693519165.500000,21:59:25.500000,428,408140.62780784,629077.87376483,2.21284858
1693519175.500000,21:59:35.500000,429,408159.68152831,629089.35066207,2.22029536
1693519184.500000,21:59:44.500000,429,408176.65226005,629099.85761626,2.21450847
1693519194.500000,21:59:54.500000,430,408195.54635642,629111.48832114,2.22069701
1693519203.500000,22:00:03.500000,431,408212.60130523,629121.96191104,2.22451774
1693519216.000000,22:00:16.000000,433,408236.41213058,629136.14059622,2.22316620
1693519225.500000,22:00:25.500000,434,408254.53599189,629146.88786013,2.22338290
1693519234.500000,22:00:34.500000,434,408271.73372100,629157.01796420,2.21798545
1693519244.000000,22:00:44.000000,435,408289.99932311,629167.65481837,2.22012998
1693519253.500000,22:00:53.500000,436,408308.45464538,629178.13723261,2.23010494
1693519266.000000,22:01:06.000000,438,408332.74166511,629191.72159655,2.22343703
1693519275.500000,22:01:15.500000,439,408350.84758399,629201.93802626,2.19589566
1693519285.000000,22:01:25.000000,440,408368.57408330,629211.75252370,2.14442147
1693519295.000000,22:01:35.000000,441,408387.19959256,629221.91443376,2.13066831
1693519305.000000,22:01:45.000000,442,408405.41454312,629231.89926557,2.09240982
1693519314.000000,22:01:54.000000,442,408421.62939832,629240.58145170,2.06322274
1693519323.500000,22:02:03.500000,443,408438.53396413,629249.70613889,2.03584307
1693519333.500000,22:02:13.500000,444,408456.43254849,629259.07808904,2.03135620
1693519343.500000,22:02:23.500000,445,408474.32641599,629268.28575162,2.01445851
1693519353.000000,22:02:33.000000,446,408491.30333897,629277.18362741,2.01741261
1693519365.500000,22:02:45.500000,448,408513.83855245,629288.61611776,2.01943298
1693519375.500000,22:02:55.500000,449,408531.98845860,629297.73760538,2.02784074
1693519385.500000,22:03:05.500000,450,408550.19675824,629306.90909986,2.03741899
1693519395.500000,22:03:15.500000,451,408568.36061475,629316.00632982,2.03635786
1693519405.000000,22:03:25.000000,452,408585.58845899,629324.61370306,2.02483403
1693519415.500000,22:03:35.500000,453,408604.76971814,629333.99360780,2.03618177
1693519425.000000,22:03:45.000000,454,408622.07075879,629342.56709127,2.03213923
1693519434.500000,22:03:54.500000,454,408639.37378880,629351.20089464,2.03254836
1693519444.500000,22:04:04.500000,455,408657.68670651,629360.00707941,2.03161319
1693519453.500000,22:04:13.500000,456,408674.15182111,629367.94630031,2.02673698
1693519463.500000,22:04:23.500000,457,408692.55974385,629376.60237293,2.03246803
1693519473.000000,22:04:33.000000,458,408709.96427152,629384.90527229,2.03041796
1693519485.500000,22:04:45.500000,460,408732.96364271,629395.61839831,2.03015235
1693519494.500000,22:04:54.500000,460,408749.45940839,629403.30499708,2.02214811
1693519504.500000,22:05:04.500000,461,408767.89513837,629411.80855620,2.03134673
1693519514.500000,22:05:14.500000,462,408786.43376600,629420.23308241,2.04397445
1693519524.000000,22:05:24.000000,463,408803.82904112,629428.26503718,2.02088560
1693519536.500000,22:05:36.500000,465,408827.00091993,629438.65328181,2.03033251
1693519545.500000,22:05:45.500000,466,408843.66255056,629445.93428337,2.02223849
1693519555.500000,22:05:55.500000,467,408862.12091123,629454.05758965,2.01440274
1693519564.500000,22:06:04.500000,467,408878.83411276,629461.25344765,2.01950352
1693519574.000000,22:06:14.000000,468,408896.50586378,629468.87762844,2.03041617
1693519583.000000,22:06:23.000000,469,408913.14086973,629476.09736597,2.01843854
1693519595.500000,22:06:35.500000,471,408936.48734533,629486.01839411,2.03186490
1693519605.500000,22:06:45.500000,472,408955.03432142,629493.88670170,2.02060569
1693519614.500000,22:06:54.500000,472,408971.76618253,629500.96621096,2.02130180
1693519624.500000,22:07:04.500000,473,408990.43215238,629508.73751890,2.02120639
1693519633.500000,22:07:13.500000,474,409007.29906904,629515.63324749,2.02465849
1693519644.000000,22:07:24.000000,475,409027.09835302,629523.52254450,2.02830280
1693519653.500000,22:07:33.500000,476,409045.00506078,629530.58255493,2.01962655
1693519663.000000,22:07:43.000000,477,409063.07472860,629537.41625273,2.03256967
1693519675.500000,22:07:55.500000,479,409086.68753873,629546.43717158,2.02144498
1693519685.500000,22:08:05.500000,480,409105.70827187,629553.49122730,2.02819530
1693519695.500000,22:08:15.500000,481,409124.66006554,629560.62538209,2.02633689
1693519702.000000,22:08:22.000000,481,409136.91116513,629565.24723592,2.01874027
1693519715.500000,22:08:35.500000,483,409162.35201443,629574.73372903,2.01214188
1693519725.000000,22:08:45.000000,484,409180.32406224,629581.41588798,2.01596778
1693519734.500000,22:08:54.500000,484,409198.28720654,629588.12811294,2.02032944
1693519747.000000,22:09:07.000000,486,409221.92893399,629596.74394145,2.01610555
1693519757.000000,22:09:17.000000,487,409240.99712552,629603.60909190,2.01744393
1693519766.500000,22:09:26.500000,488,409259.09724606,629610.06462589,2.02738860
1693519773.500000,22:09:33.500000,488,409272.42035473,629614.69043317,2.02038869
1693519786.500000,22:09:46.500000,490,409297.25250042,629623.25701776,2.02252075
1693519796.000000,22:09:56.000000,491,409315.48290051,629629.34261098,2.02395765
1693519806.000000,22:10:06.000000,492,409334.58878506,629635.67847219,2.01248759
1693519815.000000,22:10:15.000000,492,409351.90032948,629641.35600295,2.01680798
1693519825.000000,22:10:25.000000,493,409371.15259350,629647.57756772,2.01967903
1693519834.500000,22:10:34.500000,494,409389.40612019,629653.37118974,2.01632886
1693519847.500000,22:10:47.500000,496,409414.41906727,629661.34569326,2.01895158
1693519856.500000,22:10:56.500000,497,409431.75805462,629666.79940191,2.01579218
1693519865.500000,22:11:05.500000,497,409449.13654126,629672.15611377,2.01198626
1693519875.000000,22:11:15.000000,498,409467.58836354,629677.61522403,2.02531930
1693519884.000000,22:11:24.000000,499,409484.94897160,629682.80896595,2.01600012
1693519893.500000,22:11:33.500000,500,409503.38789830,629688.12010315,2.02030087
1693519906.500000,22:11:46.500000,502,409528.44695935,629695.47788695,2.00480371
1693519916.500000,22:11:56.500000,503,409548.02431759,629700.90543726,2.02740117
1693519926.500000,22:12:06.500000,504,409567.43359837,629706.41323832,2.02179327
1693519935.500000,22:12:15.500000,504,409584.92131123,629711.31775978,2.01824202
1693519945.500000,22:12:25.500000,505,409604.47464642,629716.68972948,2.02349670
1693519955.500000,22:12:35.500000,506,409624.02522931,629722.09283903,2.02651644
1693519965.500000,22:12:45.500000,507,409643.66774258,629727.35803870,2.03530503
1693519974.500000,22:12:54.500000,508,409661.19227681,629732.07047680,2.02408249
1693519984.500000,22:13:04.500000,509,409680.89052853,629737.05603865,2.03242385
1693519997.500000,22:13:17.500000,511,409706.41088376,629743.53925589,2.02599565
1693520007.500000,22:13:27.500000,512,409726.12489400,629748.53408841,2.02830893
1693520017.500000,22:13:37.500000,513,409745.89928136,629753.40997389,2.04112827
1693520027.500000,22:13:47.500000,514,409765.55094609,629758.18212345,2.02604125
1693520036.500000,22:13:56.500000,514,409783.38764844,629762.44756201,2.03992669
1693520046.500000,22:14:06.500000,515,409802.98465047,629767.16342762,2.01504850
1693520056.500000,22:14:16.500000,516,409822.80525288,629771.62200621,2.02527370
1693520066.000000,22:14:26.000000,517,409841.56167874,629775.97965458,2.02741765
1693520075.500000,22:14:35.500000,518,409860.31503758,629780.28759602,2.03028509
1693520088.000000,22:14:48.000000,520,409884.84908748,629785.90160390,2.02079161
1693520098.000000,22:14:58.000000,521,409904.57318950,629790.28050729,2.02216810
1693520104.500000,22:15:04.500000,521,409917.40100455,629793.06903311,2.02427511
1693520117.000000,22:15:17.000000,523,409942.16247344,629798.37284895,2.02885816
1693520126.500000,22:15:26.500000,523,409961.00068450,629802.18273111,2.02701740
1693520138.500000,22:15:38.500000,525,409984.79411864,629807.02037760,2.02446384
1693520145.000000,22:15:45.000000,525,409997.68112540,629809.53717347,2.02339883
1693520157.500000,22:15:57.500000,527,410022.60311675,629814.15153810,2.03034252
1693520166.500000,22:16:06.500000,527,410040.42661834,629817.61763354,2.01909286
1693520176.000000,22:16:16.000000,528,410059.34931540,629821.07830950,2.02206454
1693520186.000000,22:16:26.000000,529,410079.38957572,629824.61481067,2.03950380
1693520196.000000,22:16:36.000000,530,410099.15139365,629828.23872229,2.01182306
1693520205.500000,22:16:45.500000,531,410118.03554320,629831.48856445,2.01009243
1693520218.500000,22:16:58.500000,533,410144.01468062,629835.84956451,2.02012291
1693520227.500000,22:17:07.500000,534,410162.03207946,629838.89671370,2.02682230
1693520236.500000,22:17:16.500000,534,410180.00470328,629841.82598396,2.01416783
1693520246.000000,22:17:26.000000,535,410199.08100295,629844.79991933,2.03374149
1693520258.000000,22:17:38.000000,537,410223.10126090,629848.43012258,2.02361383
1693520267.500000,22:17:47.500000,538,410242.30520224,629850.97788855,2.04224216
1693520277.500000,22:17:57.500000,538,410262.44468474,629853.77995058,2.03937570
1693520287.500000,22:18:07.500000,540,410282.69389496,629856.49691817,2.04705250
1693520297.500000,22:18:17.500000,541,410302.95980225,629859.03542944,2.04270768
1693520306.500000,22:18:26.500000,541,410321.29980621,629861.24780175,2.05517447
1693520316.000000,22:18:36.000000,542,410340.58921776,629863.51277682,2.04797143
1693520325.500000,22:18:45.500000,543,410359.96795616,629865.77847358,2.05405860
1693520335.000000,22:18:55.000000,544,410379.33377037,629867.87912437,2.05762274
1693520347.500000,22:19:07.500000,546,410404.63704643,629870.74709341,2.03883474
1693520357.500000,22:19:17.500000,547,410424.98507462,629872.76113078,2.04655218
1693520367.000000,22:19:27.000000,548,410444.18865357,629874.86755797,2.03840944
1693520377.500000,22:19:37.500000,549,410465.35776100,629876.90354439,2.01994722
1693520387.500000,22:19:47.500000,550,410485.71395836,629878.73873993,2.04028020
1693520397.500000,22:19:57.500000,551,410505.97767029,629880.63625690,2.03100789
1693520406.500000,22:20:06.500000,551,410524.30054627,629882.24939987,2.04597384
1693520415.500000,22:20:15.500000,552,410542.58335838,629883.81666991,2.03163399
1693520425.500000,22:20:25.500000,553,410563.00557861,629885.58801493,2.04784928
1693520435.000000,22:20:35.000000,554,410582.41280327,629887.06965896,2.05146595
1693520448.000000,22:20:48.000000,556,410608.90375290,629889.20343420,2.04839013
1693520457.000000,22:20:57.000000,556,410627.26481209,629890.63645073,2.04084635
1693520467.000000,22:21:07.000000,557,410647.67455635,629892.12573918,2.03859981
1693520476.500000,22:21:16.500000,558,410667.31852684,629893.23331341,2.07187507
1693520486.000000,22:21:26.000000,559,410686.82626180,629894.40216138,2.06066950
1693520498.500000,22:21:38.500000,561,410712.44031743,629896.00930002,2.05100887
1693520508.500000,22:21:48.500000,562,410732.94949750,629897.30622699,2.05338185
1693520519.000000,22:21:59.000000,563,410754.50068883,629898.61250713,2.06090125
1693520528.500000,22:22:08.500000,564,410774.03841046,629899.63703134,2.05373007
1693520538.500000,22:22:18.500000,565,410794.67614392,629900.55298331,2.05887769
1693520548.500000,22:22:28.500000,566,410815.41330174,629901.44810321,2.07122234
1693520558.500000,22:22:38.500000,567,410836.02851323,629902.39532711,2.06263118
1693520568.500000,22:22:48.500000,568,410856.86273030,629902.90047248,2.08297629
1693520578.500000,22:22:58.500000,569,410877.56092862,629903.63411637,2.07153620
1693520588.000000,22:23:08.000000,570,410897.27399281,629904.35113671,2.08456826
1693520598.000000,22:23:18.000000,571,410917.99059895,629905.11979993,2.07242518
1693520607.500000,22:23:27.500000,571,410937.58560208,629906.00849201,2.06700505
1693520617.500000,22:23:37.500000,572,410958.27291707,629906.63709845,2.06837407
1693520627.500000,22:23:47.500000,573,410979.07229451,629906.95030742,2.07946157
1693520638.000000,22:23:58.000000,575,411000.82868413,629907.36238383,2.07087238
1693520647.500000,22:24:07.500000,575,411020.45076779,629907.65015554,2.06498421
1693520657.500000,22:24:17.500000,576,411041.27393559,629907.71049000,2.08389617
1693520667.500000,22:24:27.500000,577,411061.97237615,629907.69589806,2.07494925
1693520677.500000,22:24:37.500000,578,411082.57834081,629907.82335951,2.06470153
1693520686.500000,22:24:46.500000,579,411101.22267206,629907.62556753,2.07612008
1693520696.500000,22:24:56.500000,580,411121.86103876,629907.63234693,2.06110538
1693520706.500000,22:25:06.500000,581,411142.68135507,629907.29185027,2.07932889
1693520716.500000,22:25:16.500000,582,411163.40554483,629907.07645564,2.06872965
1693520726.500000,22:25:26.500000,583,411184.14225252,629906.68901806,2.06733366
1693520739.000000,22:25:39.000000,585,411210.19306429,629905.91879194,2.08366433
1693520745.500000,22:25:45.500000,585,411223.59741647,629905.71174227,2.06259692
1693520758.000000,22:25:58.000000,587,411249.69628198,629904.88905184,2.08852571
1693520767.500000,22:26:07.500000,587,411269.29060609,629904.45001991,2.07113017
1693520777.500000,22:26:17.500000,588,411290.01070459,629903.72769971,2.07150330
1693520787.000000,22:26:27.000000,589,411309.72201021,629902.86902644,2.07794997
1693520797.000000,22:26:37.000000,590,411330.48505075,629901.95368685,2.08883719
1693520809.500000,22:26:49.500000,592,411356.30366571,629900.60912015,2.06383641
1693520815.500000,22:26:55.500000,592,411368.85611303,629899.67797621,2.08772553
1693520828.500000,22:27:08.500000,594,411395.70638044,629898.09003373,2.07524462
1693520838.000000,22:27:18.000000,595,411415.25468595,629896.92171855,2.05703641
1693520847.500000,22:27:27.500000,595,411434.93660123,629895.48181959,2.07846875
1693520857.500000,22:27:37.500000,596,411455.60364111,629894.09072287,2.07361909
1693520867.500000,22:27:47.500000,597,411476.27448805,629892.53955539,2.07669639
1693520877.000000,22:27:57.000000,598,411495.93956525,629890.97949298,2.07078195
1693520886.000000,22:28:06.000000,599,411514.49341083,629889.50505343,2.05989650
1693520898.500000,22:28:18.500000,601,411540.33096195,629887.14528361,2.07233567
1693520908.000000,22:28:28.000000,602,411559.91223980,629885.19294706,2.07968450
1693520918.000000,22:28:38.000000,603,411580.41120792,629883.22112528,2.06188334
1693520928.000000,22:28:48.000000,604,411601.12620235,629880.88495365,2.08216694
1693520937.000000,22:28:57.000000,604,411619.55514980,629878.99972609,2.06125340
1693520947.000000,22:29:07.000000,605,411640.21908260,629876.79569081,2.07637080
1693520957.000000,22:29:17.000000,606,411660.90573574,629874.41443399,2.07963821
1693520966.500000,22:29:26.500000,607,411680.49240947,629872.40425781,2.08750288
1693520978.500000,22:29:38.500000,609,411705.06978298,629869.43287304,2.07322166
1693520985.000000,22:29:45.000000,609,411718.40418220,629867.92771557,2.06525162
1693520997.500000,22:29:57.500000,610,411744.04956794,629864.67591480,2.04782337
1693521007.500000,22:30:07.500000,611,411764.78051162,629861.87218645,2.07513592
1693521017.500000,22:30:17.500000,612,411785.36506820,629858.89501074,2.08341758
1693521027.500000,22:30:27.500000,613,411805.81975342,629856.22970107,2.07259941
1693521036.500000,22:30:36.500000,614,411824.18508697,629853.74700049,2.07344828
1693521049.000000,22:30:49.000000,616,411849.50233818,629850.32143143,2.04636488
1693521059.000000,22:30:59.000000,617,411869.95265938,629847.45807842,2.05778899
1693521068.500000,22:31:08.500000,618,411889.36656929,629844.60708264,2.06805637
1693521078.000000,22:31:18.000000,619,411908.75374771,629841.66636279,2.06211141
1693521087.000000,22:31:27.000000,619,411927.25829364,629838.73146785,2.08666660
1693521096.500000,22:31:36.500000,620,411946.64057018,629835.85793698,2.06379814
1693521108.500000,22:31:48.500000,622,411971.29478122,629831.77021134,2.07607075
1693521118.000000,22:31:58.000000,623,411990.63069965,629828.66669191,2.06086618
1693521127.500000,22:32:07.500000,623,412010.04225780,629825.33277357,2.06253850
1693521137.500000,22:32:17.500000,624,412030.36177112,629821.77517832,2.05351838
1693521147.500000,22:32:27.500000,625,412050.95690395,629817.93334282,2.08755042
1693521157.000000,22:32:37.000000,626,412070.38796092,629814.35828174,2.08504806
1693521166.500000,22:32:46.500000,627,412089.65561534,629810.70395959,2.06685297
1693521176.500000,22:32:56.500000,628,412109.98194171,629806.87486637,2.05584013
1693521186.500000,22:33:06.500000,629,412130.30149890,629802.81341065,2.06307161
1693521196.500000,22:33:16.500000,630,412150.52282955,629798.73725784,2.07169703
1693521209.000000,22:33:29.000000,632,412175.82118465,629793.60250366,2.07148090
1693521218.000000,22:33:38.000000,632,412193.96764995,629789.92901600,2.06854522
1693521228.000000,22:33:48.000000,633,412214.22838260,629785.36026466,2.08045369
1693521237.000000,22:33:57.000000,634,412232.34438945,629781.28414000,2.07104768
1693521247.000000,22:34:07.000000,635,412252.36855556,629776.77230347,2.05608475
1693521257.000000,22:34:17.000000,636,412271.85446216,629772.48841084,2.00915918
1693521270.000000,22:34:30.000000,638,412296.61892749,629766.71349657,1.97268768
1693521280.000000,22:34:40.000000,639,412315.25039913,629762.33908785,1.93922167
1693521287.000000,22:34:47.000000,639,412328.18794586,629759.10957129,1.91940852
1693521297.000000,22:34:57.000000,640,412346.59943153,629754.29789431,1.90759946
1693521309.500000,22:35:09.500000,642,412369.73269417,629748.00343449,1.91002134
1693521318.500000,22:35:18.500000,642,412386.37161972,629743.68731100,1.91995343
1693521328.500000,22:35:28.500000,643,412404.82098534,629738.64452679,1.92142272
1693521341.000000,22:35:41.000000,645,412427.57976868,629732.28327162,1.88284236
1693521351.000000,22:35:51.000000,646,412446.14438583,629726.92026693,1.92461874
1693521360.500000,22:36:00.500000,647,412463.67484047,629721.86422903,1.91821995
1693521370.000000,22:36:10.000000,648,412481.42572929,629716.91391832,1.93216797
1693521379.500000,22:36:19.500000,648,412499.10891487,629711.99390728,1.92820105
1693521389.500000,22:36:29.500000,649,412517.91795494,629706.51671488,1.94985279
1693521398.500000,22:36:38.500000,650,412534.83197739,629701.77432138,1.95218898
1693521408.500000,22:36:48.500000,651,412553.48948433,629696.46250803,1.94496005
1693521421.500000,22:37:01.500000,653,412577.79230644,629689.29294283,1.94750703
1693521428.000000,22:37:08.000000,653,412589.92604877,629685.67437775,1.94511638
1693521440.500000,22:37:20.500000,655,412613.34161617,629678.53606922,1.95885009
1693521450.500000,22:37:30.500000,656,412632.09800388,629672.64277203,1.97112336
1693521459.500000,22:37:39.500000,656,412648.86322834,629667.41075546,1.96025004
1693521468.500000,22:37:48.500000,657,412665.66267826,629662.02532942,1.95906966
1693521478.500000,22:37:58.500000,658,412684.32913448,629655.95200283,1.95913518
1693521491.000000,22:38:11.000000,660,412707.61951524,629648.23779347,1.96036287
1693521500.500000,22:38:20.500000,661,412725.31267053,629642.30421211,1.96283249
1693521510.000000,22:38:30.000000,662,412742.97840387,629636.39801933,1.95908386
1693521519.500000,22:38:39.500000,662,412760.72178727,629630.62175848,1.97435149
1693521528.500000,22:38:48.500000,663,412777.45088273,629624.83359816,1.97937348
1693521541.500000,22:39:01.500000,665,412801.59365541,629616.97954228,1.95974484
1693521548.000000,22:39:08.000000,665,412813.76925069,629613.02269079,1.96943325
1693521560.500000,22:39:20.500000,667,412837.04861051,629605.21794989,1.96769631
1693521569.500000,22:39:29.500000,667,412853.82381040,629599.55416443,1.96744881
1693521579.000000,22:39:39.000000,668,412871.50373250,629593.52109100,1.96407796
1693521588.500000,22:39:48.500000,669,412889.27432805,629587.35765841,1.98465232
1693521598.000000,22:39:58.000000,670,412906.89572889,629581.36195519,1.97074636
1693521611.000000,22:40:11.000000,672,412931.14850408,629573.04032948,1.97502746
1693521620.000000,22:40:20.000000,673,412947.88352376,629567.14659359,1.97218450
1693521630.000000,22:40:30.000000,674,412966.48687917,629560.63380720,1.97047878
1693521640.000000,22:40:40.000000,675,412985.18786412,629553.78459646,1.99623541
1693521650.000000,22:40:50.000000,676,413003.54694349,629547.21221783,1.95990423
1693521659.000000,22:40:59.000000,676,413020.25515920,629541.00928118,1.97176857
1693521669.000000,22:41:09.000000,677,413038.76487905,629533.99968531,1.97615393
1693521679.000000,22:41:19.000000,678,413057.24018270,629527.09239342,1.97987896
1693521691.500000,22:41:31.500000,680,413080.17828275,629518.32232252,1.96271717
1693521698.500000,22:41:38.500000,680,413093.05008317,629513.35918108,1.96773737
1693521710.500000,22:41:50.500000,682,413115.17359354,629504.61579004,1.99006424
1693521720.500000,22:42:00.500000,683,413133.42845918,629497.40551010,1.97793214
1693521730.500000,22:42:10.500000,684,413151.70169641,629490.27982060,1.96965357
1693521740.500000,22:42:20.500000,685,413169.95255090,629483.09703270,1.95754802
1693521749.500000,22:42:29.500000,685,413186.38917924,629476.41501061,1.97476507
1693521759.000000,22:42:39.000000,686,413203.60777093,629469.14754215,1.97681419
1693521768.500000,22:42:48.500000,687,413220.74584199,629462.18419806,1.95670908
1693521778.500000,22:42:58.500000,688,413238.88919832,629454.44109884,1.97376935
1693521788.500000,22:43:08.500000,689,413256.96209718,629446.73695103,1.97164688
1693521801.000000,22:43:21.000000,691,413279.62774087,629437.06630531,1.97353748
1693521810.500000,22:43:30.500000,692,413296.68691446,629429.77712551,1.96986704
1693521820.000000,22:43:40.000000,693,413313.74885179,629422.54741303,1.95295802
1693521830.000000,22:43:50.000000,694,413331.67756845,629414.83307139,1.94220543
1693521840.000000,22:44:00.000000,695,413349.71329500,629406.67547861,1.97634511
1693521849.500000,22:44:09.500000,695,413366.63742448,629398.98943440,1.96726038
1693521859.000000,22:44:19.000000,696,413383.60009004,629390.98508659,1.97875174
1693521868.500000,22:44:28.500000,697,413400.43918611,629383.27508942,1.96044466
1693521879.000000,22:44:39.000000,698,413419.10073854,629374.45545021,1.97561633
1693521888.500000,22:44:48.500000,699,413435.79389436,629366.51779139,1.95744569
1693521901.000000,22:45:01.000000,701,413457.80668694,629355.83876479,1.95044881
1693521910.000000,22:45:10.000000,702,413473.45286710,629348.01558650,1.94511369
1693521919.500000,22:45:19.500000,702,413490.02429921,629339.75539553,1.95282835
1693521928.500000,22:45:28.500000,703,413505.64644009,629331.94119180,1.95241277
1693521941.000000,22:45:41.000000,705,413527.14231068,629321.06997884,1.92756354
1693521947.500000,22:45:47.500000,705,413538.48857934,629315.02679646,1.96458207
1693521961.000000,22:46:01.000000,707,413561.76511247,629303.18892586,1.93765972
1693521970.500000,22:46:10.500000,708,413578.09969956,629294.34691251,1.96405827
1693521980.000000,22:46:20.000000,709,413594.45650727,629285.78962529,1.95102399
1693521989.500000,22:46:29.500000,709,413610.88870675,629277.15846265,1.96246614
1693521998.500000,22:46:38.500000,710,413626.34733731,629269.00095666,1.94647564
1693522008.000000,22:46:48.000000,711,413642.69083936,629260.10175240,1.95499829
1693522021.500000,22:47:01.500000,713,413665.83094174,629247.59082616,1.95412885
1693522030.500000,22:47:10.500000,714,413681.15092904,629238.89518273,1.95983081
1693522040.500000,22:47:20.500000,715,413698.01470429,629229.41855538,1.92747721
1693522050.000000,22:47:30.000000,716,413714.29682977,629219.89713967,1.98655593
1693522059.000000,22:47:39.000000,716,413729.87142808,629211.64231217,1.97125478
1693522068.500000,22:47:48.500000,717,413745.94545609,629202.42268384,1.95533072
1693522078.500000,22:47:58.500000,718,413762.98448045,629192.81188119,1.95210498
1693522088.500000,22:48:08.500000,719,413780.54044002,629182.85642573,2.00723196
1693522098.500000,22:48:18.500000,720,413797.02428096,629173.22683378,1.94914231
1693522108.500000,22:48:28.500000,721,413813.71839565,629163.57084414,1.96260136
1693522119.000000,22:48:39.000000,722,413831.75516551,629152.82018801,2.00280039
1693522128.500000,22:48:48.500000,723,413847.72247356,629143.33969160,1.97176430
1693522138.500000,22:48:58.500000,724,413864.29737323,629133.06827494,1.95705014
1693522148.500000,22:49:08.500000,725,413880.97038120,629122.70977255,1.96364240
1693522158.500000,22:49:18.500000,726,413897.68035358,629112.50979849,1.96117108
1693522168.500000,22:49:28.500000,727,413914.22655528,629102.10998293,1.95217499
1693522179.000000,22:49:39.000000,728,413931.68447345,629090.96150824,1.97887587
1693522191.000000,22:49:51.000000,730,413951.57644504,629078.59647318,1.96186089
1693522200.500000,22:50:00.500000,731,413967.40277809,629068.60489412,1.97109455
1693522210.000000,22:50:10.000000,732,413983.06054538,629058.63819739,1.95844140
1693522219.500000,22:50:19.500000,732,413998.85691970,629048.56955095,1.97223713
1693522228.500000,22:50:28.500000,733,414013.78927272,629038.96808573,1.97859850
1693522238.000000,22:50:38.000000,734,414029.43467277,629028.66410490,1.98026952
1693522247.500000,22:50:47.500000,735,414045.13052123,629018.68850275,1.96277428
1693522261.000000,22:51:01.000000,737,414067.55157989,629004.57366892,1.96120074
1693522271.000000,22:51:11.000000,738,414084.02314132,628993.85106798,1.97611312
1693522277.500000,22:51:17.500000,738,414094.68326419,628987.04663225,1.95674919
1693522290.000000,22:51:30.000000,740,414115.17903042,628973.48641152,1.98558886
1693522299.500000,22:51:39.500000,740,414130.65431309,628963.21938462,1.96151240
1693522308.500000,22:51:48.500000,741,414145.35666180,628953.31438394,1.97575817
1693522318.000000,22:51:58.000000,742,414160.72819614,628942.85659833,1.95155465
1693522330.500000,22:52:10.500000,744,414181.28444004,628929.07053418,1.97860420
1693522339.500000,22:52:19.500000,744,414195.95922279,628919.12267442,1.98380578
1693522349.500000,22:52:29.500000,745,414212.20225143,628907.96593327,1.96555552
1693522359.500000,22:52:39.500000,746,414228.51275062,628896.38071389,2.00608094
1693522369.500000,22:52:49.500000,747,414244.58136749,628884.62299390,2.00098319
1693522380.500000,22:53:00.500000,749,414262.35673332,628871.90090795,1.98854906
1693522390.000000,22:53:10.000000,750,414277.87511539,628860.43586392,2.02919000
1693522399.500000,22:53:19.500000,750,414293.17324448,628848.72949452,2.03506542
1693522408.500000,22:53:28.500000,751,414307.87246704,628837.84066243,2.03533607
1693522421.000000,22:53:41.000000,753,414328.47151947,628822.53520913,2.05046574
1693522427.500000,22:53:47.500000,753,414339.13744926,628814.50002332,2.04826677
1693522441.000000,22:54:01.000000,755,414361.31972885,628797.71104855,2.06099332
1693522448.500000,22:54:08.500000,755,414373.58670235,628788.35097642,2.05842488
1693522461.000000,22:54:21.000000,757,414394.02423096,628772.71055169,2.05166773
1693522470.500000,22:54:30.500000,758,414409.52602196,628760.54394479,2.06482406
1693522479.500000,22:54:39.500000,758,414424.08001518,628749.04044576,2.06543065
1693522488.500000,22:54:48.500000,759,414438.64949935,628737.63543922,2.04456923
1693522501.500000,22:55:01.500000,761,414459.66253608,628721.28058655,2.04962105
1693522511.500000,22:55:11.500000,762,414475.59128898,628708.42400486,2.04291747
1693522521.500000,22:55:21.500000,763,414491.51640075,628695.58574993,2.04163618
1693522530.500000,22:55:30.500000,763,414505.89178508,628683.69729931,2.07596143
1693522540.500000,22:55:40.500000,764,414521.90029376,628670.57737953,2.06927461
1693522549.500000,22:55:49.500000,765,414536.37690204,628658.65928966,2.09139127
1693522562.000000,22:56:02.000000,767,414556.57872051,628641.87025196,2.10642508
1693522572.000000,22:56:12.000000,768,414572.90684551,628628.41982967,2.11581197
1693522578.500000,22:56:18.500000,768,414583.42272514,628619.66494209,2.11229663
1693522591.500000,22:56:31.500000,770,414604.69169944,628602.16081840,2.12691413
1693522601.500000,22:56:41.500000,771,414620.94126647,628588.41550953,2.12422954
1693522611.000000,22:56:51.000000,772,414636.82520812,628575.80270035,2.13997768
1693522620.500000,22:57:00.500000,772,414652.67969459,628563.20273716,2.13592533
1693522629.500000,22:57:09.500000,773,414667.58219570,628550.93877537,2.15017814
1693522641.500000,22:57:21.500000,774,414687.20377391,628534.65123684,2.10840954
1693522650.500000,22:57:30.500000,775,414701.95656627,628522.04560310,2.13773717
1693522662.500000,22:57:42.500000,777,414721.42376941,628505.21076424,2.14086847
1693522672.500000,22:57:52.500000,778,414737.84256214,628491.34725124,2.15091229
1693522679.000000,22:57:59.000000,778,414748.40995449,628482.05180771,2.16841672
1693522692.000000,22:58:12.000000,780,414769.07035243,628463.51476686,2.12962829
1693522701.500000,22:58:21.500000,781,414784.23837745,628449.75480001,2.12969696
1693522711.000000,22:58:31.000000,782,414799.49163424,628435.52790945,2.17069345
1693522721.500000,22:58:41.500000,783,414816.09299075,628419.78116529,2.18384941
1693522730.500000,22:58:50.500000,783,414830.24638831,628406.19753473,2.18138050
1693522740.000000,22:59:00.000000,784,414845.37061393,628392.29635828,2.16503641
1693522750.000000,22:59:10.000000,785,414861.31746184,628377.89730947,2.15273033
1693522760.000000,22:59:20.000000,786,414877.15119922,628363.07564371,2.15924259
1693522769.500000,22:59:29.500000,787,414892.00237166,628348.67738169,2.17315402
1693522778.500000,22:59:38.500000,788,414905.87371528,628335.19844358,2.16394376
1693522791.500000,22:59:51.500000,790,414926.02681243,628315.64082258,2.16904943
1693522801.500000,23:00:01.500000,791,414941.28340518,628300.51407068,2.14422195
1693522811.000000,23:00:11.000000,792,414955.86136996,628286.25267713,2.13053983
1693522820.500000,23:00:20.500000,792,414970.22253692,628271.59793108,2.14800977
1693522830.500000,23:00:30.500000,793,414985.32041823,628256.03062074,2.17269564
1693522840.500000,23:00:40.500000,794,415000.41054522,628240.64140432,2.15919957
1693522850.000000,23:00:50.000000,795,415014.65262496,628225.77576559,2.17894517
1693522859.500000,23:00:59.500000,796,415028.78051745,628210.91747587,2.16415591
1693522870.000000,23:01:10.000000,797,415044.41156947,628194.34236257,2.17636746
1693522880.000000,23:01:20.000000,798,415059.26782309,628178.80356329,2.15061931
1693522890.000000,23:01:30.000000,799,415074.02980083,628162.94329449,2.16457755
1693522900.000000,23:01:40.000000,800,415088.68668884,628147.28691860,2.14655140
1693522909.500000,23:01:49.500000,801,415102.51010841,628132.27181907,2.13800737
1693522919.000000,23:01:59.000000,802,415116.28509944,628116.97531505,2.15526025
1693522931.500000,23:02:11.500000,804,415134.53627628,628096.82646747,2.15986550
1693522941.500000,23:02:21.500000,805,415149.23954719,628080.10234447,2.21464282
1693522950.500000,23:02:30.500000,805,415162.53996986,628065.35814472,2.19797763
1693522960.500000,23:02:40.500000,806,415177.16170257,628048.49765011,2.22131266
1693522972.500000,23:02:52.500000,808,415194.61992401,628028.17224689,2.23543139
1693522979.000000,23:02:59.000000,808,415204.21884292,628017.30728527,2.23937650
1693522991.500000,23:03:11.500000,810,415222.19485992,627996.18048664,2.22645777
1693523001.000000,23:03:21.000000,811,415235.88100475,627979.90565868,2.23782663
1693523010.500000,23:03:30.500000,811,415249.56479114,627963.74892422,2.23115195
1693523019.500000,23:03:39.500000,812,415262.48889488,627948.34690090,2.22841780
1693523032.000000,23:03:52.000000,814,415280.20005744,627926.82416149,2.20357096
1693523042.000000,23:04:02.000000,815,415294.76335758,627909.58607670,2.24382545
1693523048.500000,23:04:08.500000,815,415304.12041610,627898.42916103,2.24515327
1693523062.000000,23:04:22.000000,817,415323.19114631,627874.92351147,2.26067231
1693523071.500000,23:04:31.500000,818,415336.13191455,627858.81928440,2.16876410
1693523081.500000,23:04:41.500000,819,415350.05245059,627841.39736934,2.22021651
1693523091.000000,23:04:51.000000,820,415363.41590137,627824.91421929,2.22799636
1693523100.500000,23:05:00.500000,820,415376.47452183,627808.48616448,2.21814338
1693523110.500000,23:05:10.500000,821,415390.10602970,627790.94091644,2.21949035
1693523120.500000,23:05:20.500000,822,415403.65246124,627773.68971481,2.19480264
1693523130.500000,23:05:30.500000,823,415417.17924232,627756.22087517,2.21481432
1693523140.500000,23:05:40.500000,824,415430.44015140,627738.65981713,2.20965039
1693523150.000000,23:05:50.000000,825,415443.14249535,627721.97573509,2.20934059
1693523159.500000,23:05:59.500000,826,415455.77230091,627705.21475258,2.20712005
1693523169.500000,23:06:09.500000,827,415468.73744125,627687.36431542,2.20518864
1693523182.000000,23:06:22.000000,829,415484.72301121,627664.79372635,2.23469053
1693523192.000000,23:06:32.000000,830,415497.42031021,627646.89669075,2.20770020
1693523201.500000,23:06:41.500000,831,415509.18919868,627629.64817467,2.20279707
1693523211.000000,23:06:51.000000,832,415520.95229549,627612.42416611,2.18536797
1693523220.500000,23:07:00.500000,832,415532.80871887,627594.92735901,2.23145449
1693523229.500000,23:07:09.500000,833,415544.05664654,627578.64435425,2.19292206
1693523239.500000,23:07:19.500000,834,415556.46099873,627560.29264488,2.19650782
1693523249.500000,23:07:29.500000,835,415569.01686115,627541.72934952,2.24577259
1693523259.500000,23:07:39.500000,836,415581.72478504,627523.61390534,2.22026345
1693523272.000000,23:07:52.000000,838,415597.26444549,627500.34491196,2.22692860
1693523281.500000,23:08:01.500000,839,415609.03343029,627482.73080292,2.23693864
1693523291.500000,23:08:11.500000,840,415621.40565347,627464.11664664,2.24588795
1693523301.500000,23:08:21.500000,841,415633.64918947,627445.72053420,2.22098179
1693523310.500000,23:08:30.500000,841,415644.75021600,627429.02348792,2.22497460
1693523320.500000,23:08:40.500000,842,415656.93067026,627410.64458739,2.19091037
1693523329.500000,23:08:49.500000,843,415667.87510347,627393.64423644,2.24917622
1693523342.500000,23:09:02.500000,845,415683.28417825,627369.40734755,2.22235857
1693523349.000000,23:09:09.000000,845,415691.00829362,627357.41288935,2.20828736
1693523361.500000,23:09:21.500000,847,415705.54870176,627334.35246455,2.20539005
1693523370.500000,23:09:30.500000,847,415715.94544649,627317.79978549,2.19372071
1693523380.500000,23:09:40.500000,848,415727.51681947,627299.43746936,2.17697718
1693523390.000000,23:09:50.000000,849,415738.46232271,627281.91472995,2.18566468
1693523400.000000,23:10:00.000000,850,415750.02097749,627263.42679202,2.17403809
1693523409.000000,23:10:09.000000,851,415760.37241029,627246.78710353,2.17772279
1693523421.500000,23:10:21.500000,852,415774.39797830,627223.65984332,2.16892544
1693523431.500000,23:10:31.500000,853,415785.59837961,627204.92630183,2.17972438
1693523442.500000,23:10:42.500000,855,415797.72766828,627184.18653857,2.19270728
1693523452.500000,23:10:52.500000,856,415808.84343957,627165.67787730,2.17289647
1693523462.000000,23:11:02.000000,857,415819.36012697,627148.02570903,2.16128851
1693523471.500000,23:11:11.500000,857,415829.64843893,627130.10870921,2.17021686
1693523481.500000,23:11:21.500000,858,415840.00778436,627110.77462184,2.19150883
1693523491.000000,23:11:31.000000,859,415849.61831792,627092.27989636,2.20676805
1693523500.500000,23:11:40.500000,860,415859.21476110,627074.19754468,2.16458056
1693523510.000000,23:11:50.000000,861,415868.71584733,627055.83347760,2.17993357
1693523522.500000,23:12:02.500000,863,415881.15680917,627031.72365246,2.15841781
1693523531.500000,23:12:11.500000,863,415890.17249425,627014.14089833,2.18402597
1693523541.000000,23:12:21.000000,864,415899.43220170,626995.60704861,2.18145964
1693523550.500000,23:12:30.500000,865,415908.53889115,626976.85142575,2.19890672
1693523563.000000,23:12:43.000000,867,415920.76909288,626952.44431553,2.18371005
1693523569.500000,23:12:49.500000,867,415927.03360398,626939.45755349,2.19885972
1693523583.000000,23:13:03.000000,869,415940.05928071,626912.61761056,2.21775751
1693523592.500000,23:13:12.500000,870,415949.34080632,626894.00862465,2.19700050
1693523602.000000,23:13:22.000000,871,415958.82056459,626875.43772278,2.18760948
1693523611.500000,23:13:31.500000,871,415968.05576451,626856.35317383,2.21378020
1693523620.500000,23:13:40.500000,872,415977.05789407,626838.86090432,2.18945237
1693523633.000000,23:13:53.000000,874,415989.01021703,626813.72400628,2.24170457
1693523642.500000,23:14:02.500000,875,415998.39301141,626795.59771882,2.14833553
1693523652.500000,23:14:12.500000,876,416008.02571900,626775.44877968,2.21048753
1693523662.500000,23:14:22.500000,877,416017.81888517,626755.81338082,2.20059392
1693523672.500000,23:14:32.500000,878,416027.46493180,626735.95046578,2.21805943
1693523681.500000,23:14:41.500000,878,416035.99286397,626717.99971734,2.22049279
1693523693.500000,23:14:53.500000,880,416047.13854328,626694.06439659,2.21067726
1693523702.500000,23:15:02.500000,880,416055.82719436,626676.55552360,2.16691271
1693523711.500000,23:15:11.500000,881,416064.33047786,626658.74759933,2.17544913
1693523721.500000,23:15:21.500000,882,416073.31975284,626638.43504402,2.21520235
1693523731.500000,23:15:31.500000,883,416082.40373149,626618.63913986,2.18905690
1693523741.500000,23:15:41.500000,884,416091.42442146,626598.55143806,2.20252912
1693523754.000000,23:15:54.000000,886,416102.54758087,626573.55667183,2.19363892
1693523763.500000,23:16:03.500000,887,416110.80137077,626554.35296127,2.21992265
1693523772.500000,23:16:12.500000,887,416118.70690218,626536.46722671,2.16764700
1693523782.000000,23:16:22.000000,888,416127.09785238,626517.41453430,2.17677491
1693523794.500000,23:16:34.500000,890,416137.62862268,626492.06835434,2.18167794
1693523800.500000,23:16:40.500000,890,416142.78872266,626479.83223411,2.20046799
1693523812.500000,23:16:52.500000,891,416152.55379072,626455.37296745,2.21091415
1693523822.000000,23:17:02.000000,892,416160.22214571,626436.02192184,2.20049855
1693523831.000000,23:17:11.000000,893,416167.38998905,626417.86082718,2.17250304
1693523843.500000,23:17:23.500000,895,416176.91262546,626391.95443031,2.20752752
1693523853.000000,23:17:33.000000,896,416184.48628393,626372.85676643,2.16044190
1693523862.500000,23:17:42.500000,896,416191.86804500,626353.34962723,2.17685711
1693523872.500000,23:17:52.500000,897,416199.46447626,626332.73263809,2.19656632
1693523882.000000,23:18:02.000000,898,416206.74581781,626313.44308159,2.17423670
1693523891.500000,23:18:11.500000,899,416214.08144098,626293.82586303,2.20847966
1693523904.500000,23:18:24.500000,901,416224.15293604,626267.61710372,2.16488291
1693523913.500000,23:18:33.500000,902,416230.93861824,626249.35947051,2.15729689
1693523923.500000,23:18:43.500000,903,416238.80551201,626228.90883842,2.18684027
1693523933.000000,23:18:53.000000,904,416246.11170441,626209.65979972,2.16317747
1693523942.500000,23:19:02.500000,904,416252.67091995,626189.82148185,2.19024400
1693523952.000000,23:19:12.000000,905,416259.31450992,626170.19167533,2.19528373
1693523961.500000,23:19:21.500000,906,416266.13405233,626150.78230682,2.18040493
1693523974.000000,23:19:34.000000,908,416274.76366621,626125.00129714,2.17324390
1693523983.500000,23:19:43.500000,909,416281.05739981,626105.41617790,2.16139420
1693523994.000000,23:19:54.000000,910,416287.77998119,626083.43507018,2.19771442
1693524003.500000,23:20:03.500000,911,416293.79442459,626063.90839973,2.16477074
1693524012.500000,23:20:12.500000,911,416299.37234884,626045.13989272,2.17761356
1693524022.000000,23:20:22.000000,912,416305.28409677,626025.19630256,2.19110333
1693524031.500000,23:20:31.500000,913,416311.36348539,626005.63126388,2.16572718
1693524041.500000,23:20:41.500000,914,416317.57784134,625984.76292243,2.16516578
1693524051.000000,23:20:51.000000,915,416323.39886337,625964.67208686,2.19694109
1693524063.500000,23:21:03.500000,917,416330.97773844,625938.53961578,2.18605217
1693524073.000000,23:21:13.000000,918,416336.66016107,625918.49164405,2.18780048
1693524083.000000,23:21:23.000000,919,416342.78319221,625897.49426475,2.19062226
1693524093.000000,23:21:33.000000,920,416348.71294953,625876.62354794,2.17171378
1693524103.000000,23:21:43.000000,921,416354.50949599,625855.54536381,2.16862937
1693524113.000000,23:21:53.000000,922,416360.01544310,625834.15285435,2.20560861
1693524122.500000,23:22:02.500000,922,416365.18066002,625813.95004788,2.19113814
1693524132.000000,23:22:12.000000,923,416370.29685570,625793.72951260,2.18772755
1693524141.500000,23:22:21.500000,924,416375.42040659,625773.48477879,2.18301027
1693524154.500000,23:22:34.500000,926,416382.35283639,625745.71629467,2.19911898
1693524161.000000,23:22:41.000000,926,416385.86506583,625731.96889630,2.19661681
1693524171.000000,23:22:51.000000,927,416391.04844262,625710.62855854,2.20206477
1693524181.000000,23:23:01.000000,928,416396.18983246,625689.33812657,2.20756904
1693524193.500000,23:23:13.500000,930,416402.80256917,625662.71248951,2.19906826
1693524202.500000,23:23:22.500000,930,416407.30659224,625643.43176976,2.20293509
1693524212.500000,23:23:32.500000,931,416412.35806061,625622.17258206,2.18725819
1693524222.500000,23:23:42.500000,932,416417.39361264,625600.80267849,2.19375819
1693524232.000000,23:23:52.000000,933,416422.11780621,625580.56301251,2.19249975
1693524241.500000,23:24:01.500000,934,416426.83541419,625560.33320561,2.17801845
1693524254.000000,23:24:14.000000,936,416432.41901042,625533.54247418,2.18009954
1693524263.500000,23:24:23.500000,937,416436.54743649,625513.15385380,2.17997284
1693524274.000000,23:24:34.000000,938,416441.01831986,625490.44183484,2.20837754
1693524283.500000,23:24:43.500000,939,416445.06794907,625470.19574490,2.18508585
1693524292.500000,23:24:52.500000,939,416448.74021694,625450.43564653,2.29639958
1693524302.000000,23:25:02.000000,940,416453.01546738,625430.32230043,2.21326764
1693524314.000000,23:25:14.000000,942,416457.88520548,625404.63786745,2.32509688
1693524323.500000,23:25:23.500000,943,416462.00019953,625384.44557046,2.20893044
1693524330.500000,23:25:30.500000,943,416464.56748530,625369.49992609,2.19132983
1693524343.500000,23:25:43.500000,945,416469.63194081,625341.89098405,2.16532733
1693524353.500000,23:25:53.500000,946,416473.47313854,625320.38522768,2.17349565
1693524363.000000,23:26:03.000000,947,416477.37977311,625300.07474565,2.17250942
1693524372.500000,23:26:12.500000,947,416480.88023183,625279.50671052,2.20659002
1693524381.500000,23:26:21.500000,948,416484.21092984,625260.30887079,2.19425323
1693524393.500000,23:26:33.500000,950,416488.53236672,625234.73794603,2.16844115
1693524403.000000,23:26:43.000000,951,416491.86505076,625214.20981454,2.18432018
1693524413.500000,23:26:53.500000,952,416495.49782393,625191.44035387,2.21383901
1693524423.000000,23:27:03.000000,953,416499.05995462,625171.09538126,2.18648195
1693524432.500000,23:27:12.500000,953,416502.28016660,625150.64667940,2.17698994
1693524441.500000,23:27:21.500000,954,416506.13700602,625131.30069589,2.18983417
1693524453.500000,23:27:33.500000,956,416512.28306362,625105.84103631,2.17857432
1693524463.000000,23:27:43.000000,957,416517.09538338,625085.50587320,2.20381394
1693524472.500000,23:27:52.500000,957,416522.39595148,625065.51955080,2.17893123
1693524482.000000,23:28:02.000000,958,416527.70430300,625045.59424448,2.16565309
1693524492.000000,23:28:12.000000,959,416533.39419084,625024.50487415,2.19425341
1693524502.000000,23:28:22.000000,960,416539.08915334,625003.56490222,2.18487046
1693524511.500000,23:28:31.500000,961,416544.00178723,624983.39370815,2.19571908
1693524521.500000,23:28:41.500000,962,416549.00237184,624962.50150577,2.15223111
1693524534.000000,23:28:54.000000,964,416554.29180198,624935.91750041,2.16566244
1693524543.500000,23:29:03.500000,965,416557.83357506,624915.60026256,2.18425461
1693524553.500000,23:29:13.500000,966,416561.49401002,624894.40763370,2.15676416
1693524563.500000,23:29:23.500000,967,416564.99730044,624873.31240550,2.12902370
1693524573.500000,23:29:33.500000,968,416568.07529097,624851.99034587,2.14548039
1693524582.500000,23:29:42.500000,968,416570.83096032,624832.79335109,2.15265252
1693524592.000000,23:29:52.000000,969,416574.00151401,624812.67301074,2.14479779
1693524601.500000,23:30:01.500000,970,416577.16702585,624792.44223491,2.13823544
1693524614.500000,23:30:14.500000,972,416581.70317154,624764.83389369,2.14742892
1693524623.500000,23:30:23.500000,973,416584.71457296,624745.53236095,2.16463968
1693524633.500000,23:30:33.500000,974,416588.12521701,624724.21737949,2.16263053
1693524643.500000,23:30:43.500000,975,416591.38563423,624702.75738994,2.17549802
1693524653.500000,23:30:53.500000,976,416594.92522030,624681.49104015,2.15853913
1693524662.500000,23:31:02.500000,976,416598.38485365,624662.37536327,2.15444889
1693524671.500000,23:31:11.500000,977,416602.02031903,624643.28166286,2.16076348
1693524684.000000,23:31:24.000000,979,416607.01824098,624616.71115772,2.16823164
1693524693.500000,23:31:33.500000,980,416610.86214913,624596.51726412,2.17605550
1693524702.500000,23:31:42.500000,980,416614.66317094,624577.46578478,2.16902548
1693524712.000000,23:31:52.000000,981,416618.58971275,624557.38906359,2.15893089
1693524721.500000,23:32:01.500000,982,416622.58680213,624537.19650912,2.16281184
1693524731.500000,23:32:11.500000,983,416626.73185981,624515.96167445,2.17609443
1693524744.000000,23:32:24.000000,985,416632.08719839,624489.37510943,2.18628556
1693524750.500000,23:32:30.500000,985,416634.82528866,624475.42111277,2.18110494
1693524764.000000,23:32:44.000000,987,416640.21262873,624446.10714221,2.21384428
1693524770.500000,23:32:50.500000,987,416642.58916009,624431.72605967,2.23383175
1693524783.500000,23:33:03.500000,989,416647.68013347,624403.32788348,2.22126054
1693524792.500000,23:33:12.500000,989,416650.97390879,624383.47831988,2.24524231
1693524802.371432,23:33:22.371432,990,416654.78154839,624361.71525263,2.23800648
1693524812.000000,23:33:32.000000,991,416658.29345740,624340.38312030,2.23970455
1693524822.000000,23:33:42.000000,992,416662.04380620,624317.90119624,2.26179154
1693524832.500000,23:33:52.500000,993,416666.21666778,624294.39140391,2.27578113
1693524842.000000,23:34:02.000000,994,416669.97364415,624273.13476443,2.27608376
1693524851.500000,23:34:11.500000,995,416673.95030178,624251.93474459,2.26032364
1693524863.500000,23:34:23.500000,997,416678.98138727,624225.05565715,2.26153221
1693524872.500000,23:34:32.500000,997,416682.72572721,624204.70585513,2.28944164
1693524882.500000,23:34:42.500000,998,416686.84761632,624182.06869006,2.29587008
1693524891.500000,23:34:51.500000,999,416690.79941657,624161.95712800,2.27992465
1693524904.000000,23:35:04.000000,1001,416695.96957877,624133.57904000,2.31164174
1693524913.500000,23:35:13.500000,1002,416700.07672885,624112.27183671,2.29100971
1693524923.500000,23:35:23.500000,1003,416704.43723872,624089.78060098,2.29725647
1693524932.500000,23:35:32.500000,1003,416708.20426658,624069.51938005,2.29569321
1693524942.500000,23:35:42.500000,1004,416712.36338237,624046.86981530,2.31785461
1693524952.500000,23:35:52.500000,1005,416716.97644332,624024.78617997,2.25440320
1693524962.500000,23:36:02.500000,1006,416721.91883662,624002.49525781,2.27112144
1693524972.500000,23:36:12.500000,1007,416726.38795665,623980.08090730,2.28812771
1693524982.500000,23:36:22.500000,1008,416730.90665105,623957.93184610,2.26227304
1693524991.500000,23:36:31.500000,1009,416734.90022233,623937.76758142,2.27837390
1693525004.000000,23:36:44.000000,1011,416740.29852488,623909.66563745,2.29761422
1693525013.500000,23:36:53.500000,1011,416744.40077212,623888.43680139,2.27587020
1693525022.500000,23:37:02.500000,1012,416748.24747017,623868.20169206,2.28708666
1693525031.500000,23:37:11.500000,1013,416752.20327905,623848.19679971,2.26116079
1693525044.500000,23:37:24.500000,1015,416758.24262383,623819.19971223,2.26100904
1693525053.500000,23:37:33.500000,1015,416762.46108726,623799.27296014,2.26310296
1693525062.500000,23:37:42.500000,1016,416766.62189630,623779.38537355,2.25316424
1693525072.500000,23:37:52.500000,1017,416771.12570098,623757.18977685,2.25419158
1693525082.500000,23:38:02.500000,1018,416775.38621953,623734.89685578,2.25670575
1693525095.000000,23:38:15.000000,1020,416780.40240438,623706.86411411,2.27035477
1693525104.000000,23:38:24.000000,1021,416784.43190153,623686.93149502,2.25608796
1693525113.500000,23:38:33.500000,1021,416788.57741315,623665.87259991,2.25497433
1693525123.000000,23:38:43.000000,1022,416792.37562449,623644.56141979,2.28054047
1693525132.500000,23:38:52.500000,1023,416796.82680733,623623.65318424,2.25267811
1693525142.500000,23:39:02.500000,1024,416801.21334870,623601.38173992,2.26147211
1693525155.000000,23:39:15.000000,1026,416806.67758448,623573.47909291,2.26947808
1693525164.500000,23:39:24.500000,1027,416811.16032679,623552.48812229,2.26524628
1693525174.500000,23:39:34.500000,1028,416815.51778014,623530.36399777,2.25793589
1693525184.500000,23:39:44.500000,1029,416819.83839066,623508.19031269,2.25512288
1693525194.500000,23:39:54.500000,1030,416823.90043910,623485.89016468,2.26449714
1693525204.000000,23:40:04.000000,1031,416827.37785323,623464.65347798,2.27146891
1693525213.000000,23:40:13.000000,1031,416830.99384434,623444.69181187,2.25217897
1693525223.000000,23:40:23.000000,1032,416834.90874369,623422.52679760,2.25285566
1693525235.500000,23:40:35.500000,1034,416840.27234871,623394.65656979,2.27079059
1693525245.000000,23:40:45.000000,1035,416844.21526582,623373.55442173,2.26094706
1693525255.000000,23:40:55.000000,1036,416848.31214769,623351.21253712,2.26435800
1693525264.500000,23:41:04.500000,1036,416852.15090330,623329.86368496,2.27839804
1693525274.000000,23:41:14.000000,1037,416855.97078903,623308.64096195,2.26714626
1693525283.500000,23:41:23.500000,1038,416860.04530342,623287.49701245,2.26071990
1693525294.000000,23:41:34.000000,1039,416864.42760795,623263.92480460,2.29273834
1693525304.000000,23:41:44.000000,1040,416868.45658582,623241.71401015,2.26935681
1693525314.000000,23:41:54.000000,1041,416872.58219665,623219.39773550,2.26454623
1693525323.500000,23:42:03.500000,1042,416876.73275703,623198.19910422,2.26476718
1693525335.500000,23:42:15.500000,1044,416881.52324670,623171.45138922,2.26476775
1693525344.500000,23:42:24.500000,1044,416885.18132752,623151.34382429,2.27239372
1693525354.000000,23:42:34.000000,1045,416889.08785981,623130.19862547,2.26974902
1693525363.500000,23:42:43.500000,1046,416892.85618704,623109.02584257,2.26988388
1693525375.500000,23:42:55.500000,1048,416897.75914830,623082.24455634,2.27000527
1693525385.000000,23:43:05.000000,1049,416901.62166589,623061.08648482,2.26267611
1693525394.500000,23:43:14.500000,1049,416905.71713870,623039.91486349,2.27076901
1693525404.500000,23:43:24.500000,1050,416909.71276492,623017.56253806,2.27415261
1693525413.500000,23:43:33.500000,1051,416913.39893073,622997.43769827,2.26790556
1693525426.000000,23:43:46.000000,1053,416918.49177855,622969.51490965,2.26059317
1693525435.500000,23:43:55.500000,1054,416922.20427245,622948.13690367,2.28063959
1693525445.000000,23:44:05.000000,1055,416926.30104130,622926.87535849,2.28195872
1693525454.500000,23:44:14.500000,1055,416930.44068736,622905.66789427,2.27822371
1693525463.500000,23:44:23.500000,1056,416934.21365255,622885.42977705,2.29584290
1693525472.500000,23:44:32.500000,1057,416938.06140822,622865.40538016,2.27686292
1693525485.500000,23:44:45.500000,1059,416943.59564417,622836.29654684,2.28656468
1693525494.500000,23:44:54.500000,1059,416947.45468386,622816.21860751,2.27726990
1693525504.500000,23:45:04.500000,1060,416951.64808185,622793.74896678,2.29050149
1693525513.500000,23:45:13.500000,1061,416955.78843887,622773.81698092,2.26323589
1693525523.500000,23:45:23.500000,1062,416960.32171591,622751.47158679,2.27745449
1693525533.500000,23:45:33.500000,1063,416964.62621315,622729.06275614,2.28416259
1693525543.500000,23:45:43.500000,1064,416969.11945207,622706.87576731,2.26534350
1693525556.500000,23:45:56.500000,1066,416974.86930759,622677.94925936,2.26168556
1693525565.500000,23:46:05.500000,1066,416978.76016934,622657.84217700,2.27219719
1693525575.000000,23:46:15.000000,1067,416982.86185296,622636.65661868,2.27238670
1693525584.500000,23:46:24.500000,1068,416986.97926886,622615.49227961,2.27571292
1693525596.500000,23:46:36.500000,1070,416991.93300469,622588.66937884,2.28157623
1693525606.500000,23:46:46.500000,1071,416996.07978804,622566.31282672,2.28243080
1693525615.500000,23:46:55.500000,1071,417000.18479331,622546.34715136,2.26409501
1693525625.500000,23:47:05.500000,1072,417004.55165751,622524.06231173,2.27313179
1693525635.500000,23:47:15.500000,1073,417008.91025384,622501.78641947,2.27031754
1693525645.500000,23:47:25.500000,1074,417013.12833245,622479.43337496,2.27547003
1693525655.000000,23:47:35.000000,1075,417016.98918112,622458.03310069,2.29135775
1693525664.500000,23:47:44.500000,1076,417021.09308250,622436.93082102,2.26771225
1693525674.000000,23:47:54.000000,1077,417024.97799523,622415.70111712,2.27068523
1693525687.000000,23:48:07.000000,1079,417030.43330892,622386.90227183,2.25705567
1693525693.500000,23:48:13.500000,1079,417033.12534808,622372.54356071,2.24901232
1693525707.000000,23:48:27.000000,1081,417038.90182113,622342.68686744,2.24807051
1693525716.000000,23:48:36.000000,1082,417042.65628885,622322.67318222,2.26043858
1693525725.500000,23:48:45.500000,1082,417046.59667968,622301.42752906,2.26865554
1693525734.500000,23:48:54.500000,1083,417050.84656381,622281.27603408,2.28338364
1693525744.500000,23:49:04.500000,1084,417055.26460694,622258.52826950,2.31378148
1693525754.500000,23:49:14.500000,1085,417059.58486318,622235.65440246,2.32318240
1693525767.500000,23:49:27.500000,1087,417065.28059386,622205.95580932,2.30187312
1693525774.500000,23:49:34.500000,1087,417068.11141275,622189.63052055,2.35567817
1693525784.000000,23:49:44.000000,1088,417072.17931198,622167.64455482,2.35572769
1693525797.000000,23:49:57.000000,1090,417077.69612240,622137.55002471,2.36203374
1693525806.500000,23:50:06.500000,1091,417081.59325646,622115.54103919,2.35553405
1693525816.500000,23:50:16.500000,1092,417085.83764838,622092.31886741,2.35127043
1693525826.500000,23:50:26.500000,1093,417090.21672343,622069.06967613,2.36811850
1693525836.500000,23:50:36.500000,1094,417094.37833594,622045.80356475,2.36330490
1693525843.500000,23:50:43.500000,1094,417097.31513642,622029.56861946,2.35741982
1693525856.500000,23:50:56.500000,1096,417103.02216386,621999.45523902,2.35333929
1693525866.000000,23:51:06.000000,1097,417107.11072158,621977.37885543,2.36068340
1693525876.000000,23:51:16.000000,1098,417111.32003974,621954.31825134,2.34567947
1693525885.500000,23:51:25.500000,1098,417115.70672559,621932.33240386,2.35518090
1693525894.500000,23:51:34.500000,1099,417119.88112903,621911.59467605,2.34935689
1693525907.500000,23:51:47.500000,1101,417125.54397035,621881.53788665,2.36450413
1693525913.500000,23:51:53.500000,1101,417128.34767628,621867.90084270,2.33799320
1693525926.500000,23:52:06.500000,1103,417134.61503744,621838.57539180,2.30794823
1693525936.500000,23:52:16.500000,1104,417139.20969057,621815.51975063,2.34755222
1693525946.500000,23:52:26.500000,1105,417143.65410280,621792.44804004,2.35560255
1693525956.500000,23:52:36.500000,1106,417148.01011467,621769.37292483,2.35020318
1693525965.500000,23:52:45.500000,1106,417151.71428418,621748.44399074,2.35991816
1693525975.000000,23:52:55.000000,1107,417155.79068542,621726.37054446,2.35835277
1693525984.500000,23:53:04.500000,1108,417159.63313651,621704.15840724,2.38022534
1693525994.000000,23:53:14.000000,1109,417163.26765061,621681.98430064,2.37482114
1693526006.000000,23:53:26.000000,1111,417168.21381521,621654.19433406,2.36072650
1693526015.000000,23:53:35.000000,1111,417171.89612603,621633.14873317,2.38297263
1693526024.500000,23:53:44.500000,1112,417176.14276147,621611.13972667,2.36915060
1693526034.000000,23:53:54.000000,1113,417180.49997115,621589.11042979,2.36850884
1693526047.000000,23:54:07.000000,1115,417186.46937299,621559.02352908,2.35591303
1693526057.000000,23:54:17.000000,1116,417190.75278688,621535.78083804,2.35665775
1693526066.500000,23:54:26.500000,1117,417195.08144450,621513.74027637,2.36883977
1693526075.500000,23:54:35.500000,1117,417198.98150635,621492.84452441,2.37236044
1693526085.000000,23:54:45.000000,1118,417203.31895018,621470.81601337,2.36145153
1693526095.000000,23:54:55.000000,1119,417207.85890528,621447.43081079,2.38208835
1693526104.500000,23:55:04.500000,1120,417212.43162009,621425.35263238,2.37130752
1693526114.000000,23:55:14.000000,1121,417216.52347848,621403.08528123,2.38166946
1693526126.500000,23:55:26.500000,1123,417222.13914391,621373.81774507,2.38261992
1693526136.500000,23:55:36.500000,1124,417226.81298777,621350.37160859,2.39746834
1693526145.500000,23:55:45.500000,1124,417230.95739791,621329.27017579,2.39808542
1693526155.000000,23:55:55.000000,1125,417235.11337229,621306.94198404,2.39314469
1693526165.000000,23:56:05.000000,1126,417239.42418906,621283.44552980,2.39313881
1693526175.000000,23:56:15.000000,1127,417243.88123175,621259.88328347,2.39575310
1693526184.000000,23:56:24.000000,1128,417247.88422581,621238.63436685,2.41207423
1693526196.500000,23:56:36.500000,1130,417253.52840277,621209.27852998,2.39077431
1693526206.500000,23:56:46.500000,1131,417258.06140753,621185.78175149,2.40372273
1693526216.000000,23:56:56.000000,1132,417262.29001328,621163.56023011,2.38964104
1693526225.500000,23:57:05.500000,1132,417266.65240523,621141.32292924,2.37995209
1693526235.000000,23:57:15.000000,1133,417270.94596574,621118.95780168,2.39118092
1693526247.500000,23:57:27.500000,1135,417276.44751689,621089.37448678,2.41054890
1693526256.500000,23:57:36.500000,1135,417280.49322793,621068.20282922,2.40258269
1693526265.500000,23:57:45.500000,1136,417284.60132167,621046.93596826,2.40111227
1693526278.500000,23:57:58.500000,1138,417290.56901499,621016.39524255,2.40171664
1693526287.500000,23:58:07.500000,1139,417294.52561065,620995.30618463,2.39199541
1693526297.500000,23:58:17.500000,1140,417299.32561737,620971.96875613,2.38203311
1693526306.500000,23:58:26.500000,1140,417303.58485943,620950.83763545,2.39380408
1693526316.500000,23:58:36.500000,1141,417308.30854040,620927.44406741,2.39005617
1693526326.500000,23:58:46.500000,1142,417312.81461149,620904.00828974,2.38733325
1693526336.500000,23:58:56.500000,1143,417316.95869309,620880.39702265,2.39911197
1693526346.000000,23:59:06.000000,1144,417321.08188254,620857.99213641,2.39741719
1693526355.500000,23:59:15.500000,1145,417325.20594651,620835.58944743,2.40019010
1693526367.500000,23:59:27.500000,1147,417330.53098065,620807.50798457,2.37631405
1693526377.000000,23:59:37.000000,1148,417334.61051804,620784.98167651,2.40815266
1693526386.500000,23:59:46.500000,1148,417338.92854220,620762.70046656,2.39464496
1693526395.500000,23:59:55.500000,1149,417343.15078694,620741.46942942,2.40384093

